t,x,y,yaw,v,rx,ry,ryaw,rv,dist,gap_s
1790509884.541,5.855,1.197,0.000,0.000,4.055,1.197,0.000,0.000,1.800,-1.800
1790509884.641,5.855,1.197,0.000,0.000,4.055,1.197,0.000,0.000,1.800,-1.800
1790509884.741,5.855,1.197,0.000,0.000,4.055,1.197,0.000,0.000,1.800,-1.800
1790509884.841,5.855,1.197,0.000,0.000,4.055,1.197,0.000,0.000,1.800,-1.800
1790509884.941,5.855,1.197,0.000,0.000,4.055,1.197,0.000,0.000,1.800,-1.800
1790509885.041,5.855,1.197,0.000,0.000,4.055,1.197,0.000,0.000,1.800,-1.800
1790509885.141,5.855,1.197,0.000,0.000,4.055,1.197,0.000,0.000,1.800,-1.800
1790509885.241,5.855,1.197,0.000,0.000,4.055,1.197,0.000,0.000,1.800,-1.800
1790509885.341,5.855,1.197,0.000,0.000,4.055,1.197,0.000,0.000,1.800,-1.800
1790509885.441,5.855,1.197,0.000,0.000,4.055,1.197,0.000,0.000,1.800,-1.800
1790509885.541,5.855,1.197,0.000,0.000,4.055,1.197,0.000,0.000,1.800,-1.800
1790509885.641,5.855,1.197,0.000,0.000,4.055,1.197,0.000,0.000,1.800,-1.800
1790509885.741,5.855,1.197,0.000,0.000,4.055,1.197,0.000,0.000,1.800,-1.800
1790509885.842,5.855,1.197,0.000,0.000,4.055,1.197,0.000,0.000,1.800,-1.800
1790509885.941,5.855,1.197,0.000,0.000,4.055,1.197,0.000,0.000,1.800,-1.800
1790509886.041,5.855,1.197,0.000,0.000,4.055,1.197,0.000,0.000,1.800,-1.800
1790509886.141,5.855,1.197,0.000,0.000,4.055,1.197,0.000,0.000,1.800,-1.800
1790509886.241,5.855,1.197,0.000,0.000,4.055,1.197,0.000,0.000,1.800,-1.800
1790509886.341,5.855,1.197,0.000,0.000,4.055,1.197,0.000,0.000,1.800,-1.800
1790509886.441,5.855,1.197,0.000,0.000,4.055,1.197,0.000,0.000,1.800,-1.800
1790509886.541,5.855,1.197,0.000,0.000,4.055,1.197,0.000,0.000,1.800,-1.800
1790509886.641,5.855,1.197,0.000,0.000,4.055,1.197,0.000,0.000,1.800,-1.800
1790509886.741,5.855,1.197,0.000,0.000,4.055,1.197,0.000,0.000,1.800,-1.800
1790509886.841,5.855,1.197,0.000,0.000,4.055,1.197,0.000,0.000,1.800,-1.800
1790509886.941,5.855,1.197,0.000,0.000,4.055,1.197,0.000,0.000,1.800,-1.800
1790509887.041,5.855,1.197,0.000,0.000,4.055,1.197,0.000,0.000,1.800,-1.800
1790509887.141,5.855,1.197,0.000,0.000,4.055,1.197,0.000,0.000,1.800,-1.800
1790509887.241,5.855,1.197,0.000,0.000,4.055,1.197,0.000,0.000,1.800,-1.800
1790509887.341,5.855,1.197,0.000,0.000,4.055,1.197,0.000,0.000,1.800,-1.800
1790509887.441,5.855,1.197,0.000,0.000,4.055,1.197,0.000,0.000,1.800,-1.800
1790509887.541,5.855,1.197,0.000,0.000,4.055,1.197,0.000,0.000,1.800,-1.800
1790509887.641,5.855,1.197,0.000,0.000,4.055,1.197,0.000,0.000,1.800,-1.800
1790509887.741,5.855,1.197,0.000,0.000,4.055,1.197,0.000,0.000,1.800,-1.800
1790509887.841,5.855,1.197,0.000,0.000,4.055,1.197,0.000,0.000,1.800,-1.800
1790509887.941,5.855,1.197,0.000,0.000,4.055,1.197,0.000,0.000,1.800,-1.800
1790509888.041,5.855,1.197,0.000,0.000,4.055,1.197,0.000,0.000,1.800,-1.800
1790509888.142,5.855,1.197,0.000,0.000,4.055,1.197,0.000,0.000,1.800,-1.800
1790509888.241,5.855,1.197,0.000,0.000,4.055,1.197,0.000,0.000,1.800,-1.800
1790509888.341,5.855,1.197,0.000,0.000,4.055,1.197,0.000,0.000,1.800,-1.800
1790509888.441,5.855,1.197,0.000,0.000,4.055,1.197,0.000,0.000,1.800,-1.800
1790509888.541,5.855,1.197,0.000,0.000,4.055,1.197,0.000,0.000,1.800,-1.800
1790509888.641,5.855,1.197,0.000,0.000,4.055,1.197,0.000,0.000,1.800,-1.800
1790509888.741,5.855,1.197,0.000,0.000,4.055,1.197,0.000,0.000,1.800,-1.800
1790509888.841,5.855,1.197,0.000,0.000,4.055,1.197,0.000,0.000,1.800,-1.800
1790509888.941,5.855,1.197,0.000,0.000,4.055,1.197,0.000,0.000,1.800,-1.800
1790509889.041,5.855,1.197,0.000,0.000,4.055,1.197,0.000,0.000,1.800,-1.800
1790509889.141,5.855,1.197,0.000,0.000,4.055,1.197,0.000,0.000,1.800,-1.800
1790509889.241,5.855,1.197,0.000,0.000,4.055,1.197,0.000,0.000,1.800,-1.800
1790509889.342,5.855,1.197,0.000,0.000,4.055,1.197,0.000,0.000,1.800,-1.800
1790509889.441,5.855,1.197,0.000,0.000,4.055,1.197,0.000,0.000,1.800,-1.800
1790509889.541,5.855,1.197,0.000,0.000,4.055,1.197,0.000,0.000,1.800,-1.800
1790509889.641,5.855,1.197,0.000,0.000,4.055,1.197,0.000,0.000,1.800,-1.800
1790509889.741,5.855,1.197,0.000,0.000,4.055,1.197,0.000,0.000,1.800,-1.800
1790509889.841,5.855,1.197,0.000,0.000,4.055,1.197,0.000,0.000,1.800,-1.800
1790509889.941,5.855,1.197,0.000,0.000,4.055,1.197,0.000,0.000,1.800,-1.800
1790509890.041,5.855,1.197,0.000,0.000,4.055,1.197,0.000,0.000,1.800,-1.800
1790509890.141,5.855,1.197,0.000,0.000,4.055,1.197,0.000,0.000,1.800,-1.800
1790509890.242,5.855,1.197,0.000,0.000,4.055,1.197,0.000,0.000,1.800,-1.800
1790509890.341,5.855,1.197,0.000,0.000,4.055,1.197,0.000,0.000,1.800,-1.800
1790509890.441,5.855,1.197,0.000,0.000,4.055,1.197,0.000,0.000,1.800,-1.800
1790509890.541,5.855,1.197,0.000,0.000,4.055,1.197,0.000,0.000,1.800,-1.800
1790509890.641,5.855,1.197,0.000,0.000,4.055,1.197,0.000,0.000,1.800,-1.800
1790509890.741,5.855,1.197,0.000,0.000,4.055,1.197,0.000,0.000,1.800,-1.800
1790509890.841,5.855,1.197,0.000,0.000,4.055,1.197,0.000,0.000,1.800,-1.800
1790509890.941,5.855,1.197,0.000,0.000,4.055,1.197,0.000,0.000,1.800,-1.800
1790509891.041,5.855,1.197,0.000,0.000,4.055,1.197,0.000,0.000,1.800,-1.800
1790509891.141,5.855,1.197,0.000,0.000,4.055,1.197,0.000,0.000,1.800,-1.800
1790509891.241,5.855,1.197,0.000,0.000,4.055,1.197,0.000,0.000,1.800,-1.800
1790509891.341,5.855,1.197,0.000,0.000,4.055,1.197,0.000,0.000,1.800,-1.800
1790509891.441,5.855,1.197,0.000,0.000,4.055,1.197,0.000,0.000,1.800,-1.800
1790509891.541,5.855,1.197,0.000,0.000,4.055,1.197,0.000,0.000,1.800,-1.800
1790509891.641,5.855,1.197,0.000,0.000,4.055,1.197,0.000,0.000,1.800,-1.800
1790509891.741,5.855,1.197,0.000,0.000,4.055,1.197,0.000,0.000,1.800,-1.800
1790509891.841,5.855,1.197,0.000,0.000,4.055,1.197,0.000,0.000,1.800,-1.800
1790509891.941,5.855,1.197,0.000,0.000,4.055,1.197,0.000,0.000,1.800,-1.800
1790509892.041,5.855,1.197,0.000,0.000,4.055,1.197,0.000,0.000,1.800,-1.800
1790509892.141,5.855,1.197,0.000,0.000,4.055,1.197,0.000,0.000,1.800,-1.800
1790509892.241,5.855,1.197,0.000,0.000,4.055,1.197,0.000,0.000,1.800,-1.800
1790509892.341,5.855,1.197,0.000,0.000,4.055,1.197,0.000,0.000,1.800,-1.800
1790509892.441,5.855,1.197,0.000,0.000,4.055,1.197,0.000,0.000,1.800,-1.800
1790509892.541,5.855,1.197,0.000,0.000,4.055,1.197,0.000,0.000,1.800,-1.800
1790509892.641,5.855,1.197,0.000,0.000,4.055,1.197,0.000,0.000,1.800,-1.800
1790509892.741,5.855,1.197,0.000,0.000,4.055,1.197,0.000,0.000,1.800,-1.800
1790509892.841,5.855,1.197,0.000,0.000,4.055,1.197,0.000,0.000,1.800,-1.800
1790509892.941,5.855,1.197,0.000,0.000,4.055,1.197,0.000,0.000,1.800,-1.800
1790509893.041,5.855,1.197,0.000,0.000,4.055,1.197,0.000,0.000,1.800,-1.800
1790509893.141,5.855,1.197,0.000,0.000,4.055,1.197,0.000,0.000,1.800,-1.800
1790509893.241,5.855,1.197,0.000,0.000,4.055,1.197,0.000,0.000,1.800,-1.800
1790509893.341,5.855,1.197,0.000,0.000,4.055,1.197,0.000,0.000,1.800,-1.800
1790509893.441,5.855,1.197,0.000,0.000,4.055,1.197,0.000,0.000,1.800,-1.800
1790509893.541,5.855,1.197,0.000,0.000,4.055,1.197,0.000,0.000,1.800,-1.800
1790509893.641,5.855,1.197,0.000,0.000,4.055,1.197,0.000,0.000,1.800,-1.800
1790509893.741,5.855,1.197,0.000,0.000,4.055,1.197,0.000,0.000,1.800,-1.800
1790509893.841,5.855,1.197,0.000,0.000,4.055,1.197,0.000,0.000,1.800,-1.800
1790509893.941,5.855,1.197,0.000,0.000,4.055,1.197,0.000,0.000,1.800,-1.800
1790509894.041,5.855,1.197,0.000,0.000,4.055,1.197,0.000,0.000,1.800,-1.800
1790509894.141,5.855,1.197,0.000,0.000,4.055,1.197,0.000,0.000,1.800,-1.800
1790509894.241,5.855,1.197,0.000,0.000,4.055,1.197,0.000,0.000,1.800,-1.800
1790509894.341,5.855,1.197,0.000,0.000,4.055,1.197,0.000,0.000,1.800,-1.800
1790509894.441,5.855,1.197,0.000,0.000,4.055,1.197,0.000,0.000,1.800,-1.800
1790509894.541,5.855,1.197,0.000,0.000,4.055,1.197,0.000,0.000,1.800,-1.800
1790509894.641,5.855,1.197,0.000,0.000,4.055,1.197,0.000,0.000,1.800,-1.800
1790509894.741,5.855,1.197,0.000,0.000,4.055,1.197,0.000,0.000,1.800,-1.800
1790509894.841,5.855,1.197,0.000,0.000,4.055,1.197,0.000,0.000,1.800,-1.800
1790509894.941,5.855,1.197,0.000,0.000,4.055,1.197,0.000,0.000,1.800,-1.800
1790509895.041,5.855,1.197,0.000,0.000,4.055,1.197,0.000,0.000,1.800,-1.800
1790509895.141,5.855,1.197,0.000,0.000,4.055,1.197,0.000,0.000,1.800,-1.800
1790509895.241,5.855,1.197,0.000,0.000,4.055,1.197,0.000,0.000,1.800,-1.800
1790509895.341,5.855,1.197,0.000,0.000,4.055,1.197,0.000,0.000,1.800,-1.800
1790509895.441,5.855,1.197,0.000,0.000,4.055,1.197,0.000,0.000,1.800,-1.800
1790509895.541,5.855,1.197,0.000,0.000,4.055,1.197,0.000,0.000,1.800,-1.800
1790509895.641,5.855,1.197,0.000,0.000,4.055,1.197,0.000,0.000,1.800,-1.800
1790509895.741,5.855,1.197,0.000,0.000,4.055,1.197,0.000,0.000,1.800,-1.800
1790509895.841,5.855,1.197,0.000,0.000,4.055,1.197,0.000,0.000,1.800,-1.800
1790509895.941,5.855,1.197,0.000,0.000,4.055,1.197,0.000,0.000,1.800,-1.800
1790509896.041,5.855,1.197,0.000,0.000,4.055,1.197,0.000,0.000,1.800,-1.800
1790509896.141,5.855,1.197,0.000,0.000,4.055,1.197,0.000,0.000,1.800,-1.800
1790509896.241,5.855,1.197,0.000,0.000,4.055,1.197,0.000,0.000,1.800,-1.800
1790509896.341,5.855,1.197,0.000,0.000,4.055,1.197,0.000,0.000,1.800,-1.800
1790509896.441,5.855,1.197,0.000,0.000,4.055,1.197,0.000,0.000,1.800,-1.800
1790509896.541,5.855,1.197,0.000,0.000,4.055,1.197,0.000,0.000,1.800,-1.800
1790509896.641,5.855,1.197,0.000,0.000,4.055,1.197,0.000,0.000,1.800,-1.800
1790509896.741,5.855,1.197,0.000,0.000,4.055,1.197,0.000,0.000,1.800,-1.800
1790509896.841,5.855,1.197,0.000,0.000,4.055,1.197,0.000,0.000,1.800,-1.800
1790509896.941,5.855,1.197,0.000,0.000,4.055,1.197,0.000,0.000,1.800,-1.800
1790509897.041,5.855,1.197,0.000,0.000,4.055,1.197,0.000,0.000,1.800,-1.800
1790509897.141,5.855,1.197,0.000,0.000,4.055,1.197,0.000,0.000,1.800,-1.800
1790509897.241,5.855,1.197,0.000,0.000,4.055,1.197,0.000,0.000,1.800,-1.800
1790509897.341,5.855,1.197,0.000,0.000,4.055,1.197,0.000,0.000,1.800,-1.800
1790509897.441,5.855,1.197,0.000,0.000,4.055,1.197,0.000,0.000,1.800,-1.800
1790509897.541,5.855,1.197,0.000,0.000,4.055,1.197,0.000,0.000,1.800,-1.800
1790509897.641,5.855,1.197,0.000,0.000,4.055,1.197,0.000,0.000,1.800,-1.800
1790509897.741,5.855,1.197,0.000,0.000,4.055,1.197,0.000,0.000,1.800,-1.800
1790509897.841,5.855,1.197,0.000,0.000,4.055,1.197,0.000,0.000,1.800,-1.800
1790509897.941,5.855,1.197,0.000,0.000,4.055,1.197,0.000,0.000,1.800,-1.800
1790509898.041,5.855,1.197,0.000,0.000,4.055,1.197,0.000,0.000,1.800,-1.800
1790509898.141,5.855,1.197,0.000,0.000,4.055,1.197,0.000,0.000,1.800,-1.800
1790509898.241,5.855,1.197,0.000,0.000,4.055,1.197,0.000,0.000,1.800,-1.800
1790509898.341,5.855,1.197,0.000,0.000,4.055,1.197,0.000,0.000,1.800,-1.800
1790509898.441,5.855,1.197,0.000,0.000,4.055,1.197,0.000,0.000,1.800,-1.800
1790509898.541,5.855,1.197,0.000,0.000,4.055,1.197,0.000,0.000,1.800,-1.800
1790509898.641,5.855,1.197,0.000,0.000,4.055,1.197,0.000,0.000,1.800,-1.800
1790509898.741,5.855,1.197,0.000,0.000,4.055,1.197,0.000,0.000,1.800,-1.800
1790509898.841,5.855,1.197,0.000,0.000,4.055,1.197,0.000,0.000,1.800,-1.800
1790509898.941,5.855,1.197,0.000,0.000,4.055,1.197,0.000,0.000,1.800,-1.800
1790509899.041,5.855,1.197,0.000,0.000,4.055,1.197,0.000,0.000,1.800,-1.800
1790509899.141,5.855,1.197,0.000,0.000,4.055,1.197,0.000,0.000,1.800,-1.800
1790509899.241,5.855,1.197,0.000,0.000,4.055,1.197,0.000,0.000,1.800,-1.800
1790509899.341,5.855,1.197,0.000,0.000,4.055,1.197,0.000,0.000,1.800,-1.800
1790509899.441,5.855,1.197,0.000,0.000,4.055,1.197,0.000,0.000,1.800,-1.800
1790509899.541,5.855,1.197,0.000,0.000,4.055,1.197,0.000,0.000,1.800,-1.800
1790509899.641,5.855,1.197,0.000,0.000,4.055,1.197,0.000,0.000,1.800,-1.800
1790509899.741,5.855,1.197,0.000,0.000,4.055,1.197,0.000,0.000,1.800,-1.800
1790509899.841,5.855,1.197,0.000,0.000,4.055,1.197,0.000,0.000,1.800,-1.800
1790509899.941,5.855,1.197,0.000,0.000,4.055,1.197,0.000,0.000,1.800,-1.800
1790509900.041,5.855,1.197,0.000,0.000,4.055,1.197,0.000,0.000,1.800,-1.800
1790509900.141,5.855,1.197,0.000,0.000,4.055,1.197,0.000,0.000,1.800,-1.800
1790509900.242,5.855,1.197,0.000,0.000,4.055,1.197,0.000,0.000,1.800,-1.800
1790509900.341,5.855,1.197,0.000,0.000,4.055,1.197,0.000,0.000,1.800,-1.800
1790509900.441,5.855,1.197,0.000,0.000,4.055,1.197,0.000,0.000,1.800,-1.800
1790509900.541,5.855,1.197,0.000,0.000,4.055,1.197,0.000,0.000,1.800,-1.800
1790509900.641,5.855,1.197,0.000,0.000,4.055,1.197,0.000,0.000,1.800,-1.800
1790509900.741,5.855,1.197,0.000,0.000,4.055,1.197,0.000,0.000,1.800,-1.800
1790509900.841,5.855,1.197,0.000,0.000,4.055,1.197,0.000,0.000,1.800,-1.800
1790509900.941,5.855,1.197,0.000,0.000,4.055,1.197,0.000,0.000,1.800,-1.800
1790509901.041,5.855,1.197,0.000,0.000,4.055,1.197,0.000,0.000,1.800,-1.800
1790509901.141,5.855,1.197,0.000,0.000,4.055,1.197,0.000,0.000,1.800,-1.800
1790509901.241,5.855,1.197,0.000,0.000,4.055,1.197,0.000,0.000,1.800,-1.800
1790509901.341,5.855,1.197,0.000,0.000,4.055,1.197,0.000,0.000,1.800,-1.800
1790509901.441,5.855,1.197,0.000,0.000,4.055,1.197,0.000,0.000,1.800,-1.800
1790509901.541,5.855,1.197,0.000,0.000,4.055,1.197,0.000,0.000,1.800,-1.800
1790509901.641,5.855,1.197,0.000,0.000,4.055,1.197,0.000,0.000,1.800,-1.800
1790509901.741,5.855,1.197,0.000,0.000,4.055,1.197,0.000,0.000,1.800,-1.800
1790509901.841,5.855,1.197,0.000,0.000,4.055,1.197,0.000,0.000,1.800,-1.800
1790509901.941,5.855,1.197,0.000,0.000,4.055,1.197,0.000,0.000,1.800,-1.800
1790509902.041,5.855,1.197,0.000,0.000,4.055,1.197,0.000,0.000,1.800,-1.800
1790509902.141,5.855,1.197,0.000,0.000,4.055,1.197,0.000,0.000,1.800,-1.800
1790509902.241,5.855,1.197,0.000,0.000,4.055,1.197,0.000,0.000,1.800,-1.800
1790509902.341,5.855,1.197,0.000,0.000,4.055,1.197,0.000,0.000,1.800,-1.800
1790509902.441,5.855,1.197,0.000,0.000,4.055,1.197,0.000,0.000,1.800,-1.800
1790509902.541,5.855,1.197,0.000,0.000,4.055,1.197,0.000,0.000,1.800,-1.800
1790509902.641,5.855,1.197,0.000,0.000,4.055,1.197,0.000,0.000,1.800,-1.800
1790509902.741,5.855,1.197,0.000,0.000,4.055,1.197,0.000,0.000,1.800,-1.800
1790509902.841,5.855,1.197,0.000,0.000,4.055,1.197,0.000,0.000,1.800,-1.800
1790509902.941,5.855,1.197,0.000,0.000,4.055,1.197,0.000,0.000,1.800,-1.800
1790509903.041,5.855,1.197,0.000,0.000,4.055,1.197,0.000,0.000,1.800,-1.800
1790509903.141,5.855,1.197,0.000,0.000,4.055,1.197,0.000,0.000,1.800,-1.800
1790509903.242,5.855,1.197,0.000,0.000,4.055,1.197,0.000,0.000,1.800,-1.800
1790509903.341,5.855,1.197,0.000,0.000,4.055,1.197,0.000,0.000,1.800,-1.800
1790509903.441,5.855,1.197,0.000,0.000,4.055,1.197,0.000,0.000,1.800,-1.800
1790509903.542,5.855,1.197,0.000,0.000,4.055,1.197,0.000,0.000,1.800,-1.800
1790509903.641,5.855,1.197,0.000,0.000,4.055,1.197,0.000,0.000,1.800,-1.800
1790509903.741,5.855,1.197,0.000,0.000,4.055,1.197,0.000,0.000,1.800,-1.800
1790509903.841,5.855,1.197,0.000,0.000,4.055,1.197,0.000,0.000,1.800,-1.800
1790509903.941,5.855,1.197,0.000,0.000,4.055,1.197,0.000,0.000,1.800,-1.800
1790509904.041,5.855,1.197,0.000,0.000,4.055,1.197,0.000,0.000,1.800,-1.800
1790509904.141,5.855,1.197,0.000,0.000,4.055,1.197,0.000,0.000,1.800,-1.800
1790509904.241,5.855,1.197,0.000,0.000,4.055,1.197,0.000,0.000,1.800,-1.800
1790509904.341,5.855,1.197,0.000,0.000,4.055,1.197,0.000,0.000,1.800,-1.800
1790509904.441,5.855,1.197,0.000,0.000,4.055,1.197,0.000,0.000,1.800,-1.800
1790509904.541,5.855,1.197,0.000,0.000,4.055,1.197,0.000,0.000,1.800,-1.800
1790509904.641,5.855,1.197,0.000,0.000,4.055,1.197,0.000,0.000,1.800,-1.800
1790509904.741,5.855,1.197,0.000,0.000,4.055,1.197,0.000,0.000,1.800,-1.800
1790509904.841,5.855,1.197,0.000,0.000,4.055,1.197,0.000,0.000,1.800,-1.800
1790509904.941,5.855,1.197,0.000,0.000,4.055,1.197,0.000,0.000,1.800,-1.800
1790509905.041,5.855,1.197,0.000,0.000,4.055,1.197,0.000,0.000,1.800,-1.800
1790509905.141,5.855,1.197,0.000,0.000,4.055,1.197,0.000,0.000,1.800,-1.800
1790509905.241,5.855,1.197,0.000,0.000,4.055,1.197,0.000,0.000,1.800,-1.800
1790509905.341,5.855,1.197,0.000,0.000,4.055,1.197,0.000,0.000,1.800,-1.800
1790509905.442,5.855,1.197,0.000,0.000,4.055,1.197,0.000,0.000,1.800,-1.800
1790509905.541,5.855,1.197,0.000,0.000,4.055,1.197,0.000,0.000,1.800,-1.800
1790509905.641,5.855,1.197,0.000,0.000,4.055,1.197,0.000,0.000,1.800,-1.800
1790509905.742,5.855,1.197,0.000,0.000,4.055,1.197,0.000,0.000,1.800,-1.800
1790509905.841,5.855,1.197,0.000,0.000,4.055,1.197,0.000,0.000,1.800,-1.800
1790509905.941,5.855,1.197,0.000,0.000,4.055,1.197,0.000,0.000,1.800,-1.800
1790509906.041,5.855,1.197,0.000,0.000,4.055,1.197,0.000,0.000,1.800,-1.800
1790509906.141,5.855,1.197,0.000,0.000,4.055,1.197,0.000,0.000,1.800,-1.800
1790509906.241,5.855,1.197,0.000,0.000,4.055,1.197,0.000,0.000,1.800,-1.800
1790509906.341,5.855,1.197,0.000,0.000,4.055,1.197,0.000,0.000,1.800,-1.800
1790509906.441,5.855,1.197,0.000,0.000,4.055,1.197,0.000,0.000,1.800,-1.800
1790509906.541,5.855,1.197,0.000,0.000,4.055,1.197,0.000,0.000,1.800,-1.800
1790509906.641,5.855,1.197,0.000,0.000,4.055,1.197,0.000,0.000,1.800,-1.800
1790509906.741,5.855,1.197,0.000,0.000,4.055,1.197,0.000,0.000,1.800,-1.800
1790509906.841,5.855,1.197,0.000,0.000,4.055,1.197,0.000,0.000,1.800,-1.800
1790509906.941,5.855,1.197,0.000,0.000,4.055,1.197,0.000,0.000,1.800,-1.800
1790509907.041,5.855,1.197,0.000,0.000,4.055,1.197,0.000,0.000,1.800,-1.800
1790509907.141,5.855,1.197,0.000,0.000,4.055,1.197,0.000,0.000,1.800,-1.800
1790509907.241,5.855,1.197,0.000,0.000,4.055,1.197,0.000,0.000,1.800,-1.800
1790509907.341,5.855,1.197,0.000,0.000,4.055,1.197,0.000,0.000,1.800,-1.800
1790509907.441,5.855,1.197,0.000,0.000,4.055,1.197,0.000,0.000,1.800,-1.800
1790509907.541,5.855,1.197,0.000,0.000,4.055,1.197,0.000,0.000,1.800,-1.800
1790509907.641,5.855,1.197,0.000,0.000,4.055,1.197,0.000,0.000,1.800,-1.800
1790509907.741,5.855,1.197,0.000,0.000,4.055,1.197,0.000,0.000,1.800,-1.800
1790509907.841,5.855,1.197,0.000,0.000,4.055,1.197,0.000,0.000,1.800,-1.800
1790509907.941,5.855,1.197,0.000,0.000,4.055,1.197,0.000,0.000,1.800,-1.800
1790509908.041,5.855,1.197,0.000,0.000,4.055,1.197,0.000,0.000,1.800,-1.800
1790509908.141,5.855,1.197,0.000,0.000,4.055,1.197,0.000,0.000,1.800,-1.800
1790509908.241,5.855,1.197,0.000,0.000,4.055,1.197,0.000,0.000,1.800,-1.800
1790509908.341,5.855,1.197,0.000,0.000,4.055,1.197,0.000,0.000,1.800,-1.800
1790509908.441,5.855,1.197,0.000,0.000,4.055,1.197,0.000,0.000,1.800,-1.800
1790509908.541,5.855,1.197,0.000,0.000,4.055,1.197,0.000,0.000,1.800,-1.800
1790509908.641,5.855,1.197,0.000,0.000,4.055,1.197,0.000,0.000,1.800,-1.800
1790509908.741,5.855,1.197,0.000,0.000,4.055,1.197,0.000,0.000,1.800,-1.800
1790509908.841,5.855,1.197,0.000,0.000,4.055,1.197,0.000,0.000,1.800,-1.800
1790509908.941,5.855,1.197,0.000,0.000,4.055,1.197,0.000,0.000,1.800,-1.800
1790509909.041,5.855,1.197,0.000,0.000,4.055,1.197,0.000,0.000,1.800,-1.800
1790509909.141,5.855,1.197,0.000,0.000,4.055,1.197,0.000,0.000,1.800,-1.800
1790509909.241,5.855,1.197,0.000,0.000,4.055,1.197,0.000,0.000,1.800,-1.800
1790509909.341,5.855,1.197,0.000,0.000,4.055,1.197,0.000,0.000,1.800,-1.800
1790509909.441,5.855,1.197,0.000,0.000,4.055,1.197,0.000,0.000,1.800,-1.800
1790509909.541,5.855,1.197,0.000,0.000,4.055,1.197,0.000,0.000,1.800,-1.800
1790509909.641,5.855,1.197,0.000,0.000,4.055,1.197,0.000,0.000,1.800,-1.800
1790509909.741,5.855,1.197,0.000,0.000,4.055,1.197,0.000,0.000,1.800,-1.800
1790509909.841,5.855,1.197,0.000,0.000,4.055,1.197,0.000,0.000,1.800,-1.800
1790509909.941,5.855,1.197,0.000,0.000,4.055,1.197,0.000,0.000,1.800,-1.800
1790509910.041,5.855,1.197,0.000,0.000,4.055,1.197,0.000,0.000,1.800,-1.800
1790509910.141,5.855,1.197,0.000,0.000,4.055,1.197,0.000,0.000,1.800,-1.800
1790509910.241,5.855,1.197,0.000,0.000,4.055,1.197,0.000,0.000,1.800,-1.800
1790509910.341,5.855,1.197,0.000,0.000,4.055,1.197,0.000,0.000,1.800,-1.800
1790509910.441,5.855,1.197,0.000,0.000,4.055,1.197,0.000,0.000,1.800,-1.800
1790509910.541,5.855,1.197,0.000,0.000,4.055,1.197,0.000,0.000,1.800,-1.800
1790509910.641,5.855,1.197,0.000,0.000,4.055,1.197,0.000,0.000,1.800,-1.800
1790509910.741,5.855,1.197,0.000,0.000,4.055,1.197,0.000,0.000,1.800,-1.800
1790509910.841,5.855,1.197,0.000,0.000,4.055,1.197,0.000,0.000,1.800,-1.800
1790509910.941,5.855,1.197,0.000,0.000,4.055,1.197,0.000,0.000,1.800,-1.800
1790509911.041,5.855,1.197,0.000,0.000,4.055,1.197,0.000,0.000,1.800,-1.800
1790509911.141,5.855,1.197,0.000,0.000,4.055,1.197,0.000,0.000,1.800,-1.800
1790509911.241,5.855,1.197,0.000,0.000,4.055,1.197,0.000,0.000,1.800,-1.800
1790509911.341,5.855,1.197,0.000,0.000,4.055,1.197,0.000,0.000,1.800,-1.800
1790509911.441,5.855,1.197,0.000,0.000,4.055,1.197,0.000,0.000,1.800,-1.800
1790509911.541,5.855,1.197,0.000,0.000,4.055,1.197,0.000,0.000,1.800,-1.800
1790509911.641,5.855,1.197,0.000,0.000,4.055,1.197,0.000,0.000,1.800,-1.800
1790509911.741,5.855,1.197,0.000,0.000,4.055,1.197,0.000,0.000,1.800,-1.800
1790509911.841,5.855,1.197,0.000,0.000,4.055,1.197,0.000,0.000,1.800,-1.800
1790509911.941,5.855,1.197,0.000,0.000,4.055,1.197,0.000,0.000,1.800,-1.800
1790509912.041,5.855,1.197,0.000,0.000,4.055,1.197,0.000,0.000,1.800,-1.800
1790509912.142,5.855,1.197,0.000,0.000,4.055,1.197,0.000,0.000,1.800,-1.800
1790509912.241,5.855,1.197,0.000,0.000,4.055,1.197,0.000,0.000,1.800,-1.800
1790509912.341,5.855,1.197,0.000,0.000,4.055,1.197,0.000,0.000,1.800,-1.800
1790509912.441,5.855,1.197,0.000,0.000,4.055,1.197,0.000,0.000,1.800,-1.800
1790509912.541,5.855,1.197,0.000,0.000,4.055,1.197,0.000,0.000,1.800,-1.800
1790509912.641,5.855,1.197,0.000,0.000,4.055,1.197,0.000,0.000,1.800,-1.800
1790509912.741,5.855,1.197,0.000,0.000,4.055,1.197,0.000,0.000,1.800,-1.800
1790509912.841,5.855,1.197,0.000,0.000,4.055,1.197,0.000,0.000,1.800,-1.800
1790509912.941,5.855,1.197,0.000,0.000,4.055,1.197,0.000,0.000,1.800,-1.800
1790509913.041,5.855,1.197,0.000,0.000,4.055,1.197,0.000,0.000,1.800,-1.800
1790509913.141,5.855,1.197,0.000,0.000,4.055,1.197,0.000,0.000,1.800,-1.800
1790509913.241,5.855,1.197,0.000,0.000,4.055,1.197,0.000,0.000,1.800,-1.800
1790509913.341,5.855,1.197,0.000,0.000,4.055,1.197,0.000,0.000,1.800,-1.800
1790509913.441,5.855,1.197,0.000,0.000,4.055,1.197,0.000,0.000,1.800,-1.800
1790509913.541,5.855,1.197,0.000,0.000,4.055,1.197,0.000,0.000,1.800,-1.800
1790509913.641,5.855,1.197,0.000,0.000,4.055,1.197,0.000,0.000,1.800,-1.800
1790509913.741,5.855,1.197,0.000,0.000,4.055,1.197,0.000,0.000,1.800,-1.800
1790509913.841,5.855,1.197,0.000,0.000,4.055,1.197,0.000,0.000,1.800,-1.800
1790509913.941,5.855,1.197,0.000,0.000,4.055,1.197,0.000,0.000,1.800,-1.800
1790509914.041,5.855,1.197,0.000,0.000,4.055,1.197,0.000,0.000,1.800,-1.800
1790509914.141,5.855,1.197,0.000,0.000,4.055,1.197,0.000,0.000,1.800,-1.800
1790509914.241,5.855,1.197,0.000,0.000,4.055,1.197,0.000,0.000,1.800,-1.800
1790509914.341,5.855,1.197,0.000,0.000,4.055,1.197,0.000,0.000,1.800,-1.800
1790509914.441,5.855,1.197,0.000,0.000,4.055,1.197,0.000,0.000,1.800,-1.800
1790509914.541,5.855,1.197,0.000,0.000,4.055,1.197,0.000,0.000,1.800,-1.800
1790509914.641,5.855,1.197,0.000,0.000,4.055,1.197,0.000,0.000,1.800,-1.800
1790509914.741,5.855,1.197,0.000,0.000,4.055,1.197,0.000,0.000,1.800,-1.800
1790509914.841,5.855,1.197,0.000,0.000,4.055,1.197,0.000,0.000,1.800,-1.800
1790509914.941,5.855,1.197,0.000,0.000,4.055,1.197,0.000,0.000,1.800,-1.800
1790509915.041,5.855,1.197,0.000,0.000,4.055,1.197,0.000,0.000,1.800,-1.800
1790509915.141,5.855,1.197,0.000,0.000,4.055,1.197,0.000,0.000,1.800,-1.800
1790509915.241,5.855,1.197,0.000,0.000,4.055,1.197,0.000,0.000,1.800,-1.800
1790509915.341,5.855,1.197,0.000,0.000,4.055,1.197,0.000,0.000,1.800,-1.800
1790509915.441,5.855,1.197,0.000,0.000,4.055,1.197,0.000,0.000,1.800,-1.800
1790509915.541,5.855,1.197,0.000,0.000,4.055,1.197,0.000,0.000,1.800,-1.800
1790509915.641,5.855,1.197,0.000,0.000,4.055,1.197,0.000,0.000,1.800,-1.800
1790509915.741,5.855,1.197,0.000,0.000,4.055,1.197,0.000,0.000,1.800,-1.800
1790509915.842,5.855,1.197,0.000,0.000,4.055,1.197,0.000,0.000,1.800,-1.800
1790509915.942,5.855,1.197,0.000,0.000,4.055,1.197,0.000,0.000,1.800,-1.800
1790509916.041,5.855,1.197,0.000,0.000,4.055,1.197,0.000,0.000,1.800,-1.800
1790509916.141,5.855,1.197,0.000,0.000,4.055,1.197,0.000,0.000,1.800,-1.800
1790509916.241,5.855,1.197,0.000,0.000,4.055,1.197,0.000,0.000,1.800,-1.800
1790509916.341,5.855,1.197,0.000,0.000,4.055,1.197,0.000,0.000,1.800,-1.800
1790509916.441,5.855,1.197,0.000,0.000,4.055,1.197,0.000,0.000,1.800,-1.800
1790509916.541,5.855,1.197,0.000,0.000,4.055,1.197,0.000,0.000,1.800,-1.800
1790509916.641,5.855,1.197,0.000,0.000,4.055,1.197,0.000,0.000,1.800,-1.800
1790509916.741,5.855,1.197,0.000,0.000,4.055,1.197,0.000,0.000,1.800,-1.800
1790509916.841,5.855,1.197,0.000,0.000,4.055,1.197,0.000,0.000,1.800,-1.800
1790509916.941,5.855,1.197,0.000,0.000,4.055,1.197,0.000,0.000,1.800,-1.800
1790509917.041,5.855,1.197,0.000,0.000,4.055,1.197,0.000,0.000,1.800,-1.800
1790509917.141,5.855,1.197,0.000,0.000,4.055,1.197,0.000,0.000,1.800,-1.800
1790509917.242,5.855,1.197,0.000,0.000,4.055,1.197,0.000,0.000,1.800,-1.800
1790509917.341,5.855,1.197,0.000,0.000,4.055,1.197,0.000,0.000,1.800,-1.800
1790509917.441,5.855,1.197,0.000,0.000,4.055,1.197,0.000,0.000,1.800,-1.800
1790509917.541,5.855,1.197,0.000,0.000,4.055,1.197,0.000,0.000,1.800,-1.800
1790509917.641,5.855,1.197,0.000,0.000,4.055,1.197,0.000,0.000,1.800,-1.800
1790509917.741,5.855,1.197,0.000,0.000,4.055,1.197,0.000,0.000,1.800,-1.800
1790509917.841,5.855,1.197,0.000,0.000,4.055,1.197,0.000,0.000,1.800,-1.800
1790509917.941,5.855,1.197,0.000,0.000,4.055,1.197,0.000,0.000,1.800,-1.800
1790509918.041,5.855,1.197,0.000,0.000,4.055,1.197,0.000,0.000,1.800,-1.800
1790509918.141,5.855,1.197,0.000,0.000,4.055,1.197,0.000,0.000,1.800,-1.800
1790509918.241,5.855,1.197,0.000,0.000,4.055,1.197,0.000,0.000,1.800,-1.800
1790509918.341,5.855,1.197,0.000,0.000,4.055,1.197,0.000,0.000,1.800,-1.800
1790509918.441,5.855,1.197,0.000,0.000,4.055,1.197,0.000,0.000,1.800,-1.800
1790509918.542,5.855,1.197,0.000,0.000,4.055,1.197,0.000,0.000,1.800,-1.800
1790509918.641,5.855,1.197,0.000,0.000,4.055,1.197,0.000,0.000,1.800,-1.800
1790509918.741,5.855,1.197,0.000,0.000,4.055,1.197,0.000,0.000,1.800,-1.800
1790509918.841,5.855,1.197,0.000,0.000,4.055,1.197,0.000,0.000,1.800,-1.800
1790509918.941,5.855,1.197,0.000,0.000,4.055,1.197,0.000,0.000,1.800,-1.800
1790509919.041,5.855,1.197,0.000,0.000,4.055,1.197,0.000,0.000,1.800,-1.800
1790509919.141,5.855,1.197,0.000,0.000,4.055,1.197,0.000,0.000,1.800,-1.800
1790509919.241,5.855,1.197,0.000,0.000,4.055,1.197,0.000,0.000,1.800,-1.800
1790509919.341,5.855,1.197,0.000,0.000,4.055,1.197,0.000,0.000,1.800,-1.800
1790509919.441,5.855,1.197,0.000,0.000,4.055,1.197,0.000,0.000,1.800,-1.800
1790509919.541,5.855,1.197,0.000,0.000,4.055,1.197,0.000,0.000,1.800,-1.800
1790509919.641,5.855,1.197,0.000,0.000,4.055,1.197,0.000,0.000,1.800,-1.800
1790509919.742,5.855,1.197,0.000,0.000,4.055,1.197,0.000,0.000,1.800,-1.800
1790509919.841,5.855,1.197,0.000,0.000,4.055,1.197,0.000,0.000,1.800,-1.800
1790509919.941,5.855,1.197,0.000,0.000,4.055,1.197,0.000,0.000,1.800,-1.800
1790509920.041,5.855,1.197,0.000,0.000,4.055,1.197,0.000,0.000,1.800,-1.800
1790509920.141,5.855,1.197,0.000,0.000,4.055,1.197,0.000,0.000,1.800,-1.800
1790509920.241,5.855,1.197,0.000,0.000,4.055,1.197,0.000,0.000,1.800,-1.800
1790509920.341,5.855,1.197,0.000,0.000,4.055,1.197,0.000,0.000,1.800,-1.800
1790509920.441,5.855,1.197,0.000,0.000,4.055,1.197,0.000,0.000,1.800,-1.800
1790509920.541,5.855,1.197,0.000,0.000,4.055,1.197,0.000,0.000,1.800,-1.800
1790509920.641,5.855,1.197,0.000,0.000,4.055,1.197,0.000,0.000,1.800,-1.800
1790509920.741,5.855,1.197,0.000,0.000,4.055,1.197,0.000,0.000,1.800,-1.800
1790509920.841,5.855,1.197,0.000,0.000,4.055,1.197,0.000,0.000,1.800,-1.800
1790509920.941,5.855,1.197,0.000,0.000,4.055,1.197,0.000,0.000,1.800,-1.800
1790509921.041,5.855,1.197,0.000,0.000,4.055,1.197,0.000,0.000,1.800,-1.800
1790509921.141,5.855,1.197,0.000,0.000,4.055,1.197,0.000,0.000,1.800,-1.800
1790509921.241,5.855,1.197,0.000,0.000,4.055,1.197,0.000,0.000,1.800,-1.800
1790509921.342,5.855,1.197,0.000,0.000,4.055,1.197,0.000,0.000,1.800,-1.800
1790509921.441,5.855,1.197,0.000,0.000,4.055,1.197,0.000,0.000,1.800,-1.800
1790509921.542,5.855,1.197,0.000,0.000,4.055,1.197,0.000,0.000,1.800,-1.800
1790509921.641,5.855,1.197,0.000,0.000,4.055,1.197,0.000,0.000,1.800,-1.800
1790509921.741,5.855,1.197,0.000,0.000,4.055,1.197,0.000,0.000,1.800,-1.800
1790509921.841,5.855,1.197,0.000,0.000,4.055,1.197,0.000,0.000,1.800,-1.800
1790509921.941,5.855,1.197,0.000,0.000,4.055,1.197,0.000,0.000,1.800,-1.800
1790509922.041,5.855,1.197,0.000,0.000,4.055,1.197,0.000,0.000,1.800,-1.800
1790509922.141,5.855,1.197,0.000,0.000,4.055,1.197,0.000,0.000,1.800,-1.800
1790509922.241,5.855,1.197,0.000,0.000,4.055,1.197,0.000,0.000,1.800,-1.800
1790509922.341,5.855,1.197,0.000,0.000,4.055,1.197,0.000,0.000,1.800,-1.800
1790509922.441,5.855,1.197,0.000,0.000,4.055,1.197,0.000,0.000,1.800,-1.800
1790509922.541,5.855,1.197,0.000,0.000,4.055,1.197,0.000,0.000,1.800,-1.800
1790509922.641,5.855,1.197,0.000,0.000,4.055,1.197,0.000,0.000,1.800,-1.800
1790509922.741,5.855,1.197,0.000,0.000,4.055,1.197,0.000,0.000,1.800,-1.800
1790509922.841,5.855,1.197,0.000,0.000,4.055,1.197,0.000,0.000,1.800,-1.800
1790509922.941,5.855,1.197,0.000,0.000,4.055,1.197,0.000,0.000,1.800,-1.800
1790509923.041,5.855,1.197,0.000,0.000,4.055,1.197,0.000,0.000,1.800,-1.800
1790509923.141,5.855,1.197,0.000,0.000,4.055,1.197,0.000,0.000,1.800,-1.800
1790509923.241,5.855,1.197,0.000,0.000,4.055,1.197,0.000,0.000,1.800,-1.800
1790509923.341,5.855,1.197,0.000,0.000,4.055,1.197,0.000,0.000,1.800,-1.800
1790509923.441,5.855,1.197,0.000,0.000,4.055,1.197,0.000,0.000,1.800,-1.800
1790509923.541,5.855,1.197,0.000,0.000,4.055,1.197,0.000,0.000,1.800,-1.800
1790509923.641,5.855,1.197,0.000,0.000,4.055,1.197,0.000,0.000,1.800,-1.800
1790509923.741,5.855,1.197,0.000,0.000,4.055,1.197,0.000,0.000,1.800,-1.800
1790509923.841,5.855,1.197,0.000,0.000,4.055,1.197,0.000,0.000,1.800,-1.800
1790509923.941,5.855,1.197,0.000,0.000,4.055,1.197,0.000,0.000,1.800,-1.800
1790509924.041,5.855,1.197,0.000,0.000,4.055,1.197,0.000,0.000,1.800,-1.800
1790509924.141,5.855,1.197,0.000,0.000,4.055,1.197,0.000,0.000,1.800,-1.800
1790509924.241,5.855,1.197,0.000,0.000,4.055,1.197,0.000,0.000,1.800,-1.800
1790509924.341,5.855,1.197,0.000,0.000,4.055,1.197,0.000,0.000,1.800,-1.800
1790509924.441,5.855,1.197,0.000,0.000,4.055,1.197,0.000,0.000,1.800,-1.800
1790509924.542,5.855,1.197,0.000,0.000,4.055,1.197,0.000,0.000,1.800,-1.800
1790509924.641,5.855,1.197,0.000,0.000,4.055,1.197,0.000,0.000,1.800,-1.800
1790509924.741,5.855,1.197,0.000,0.000,4.055,1.197,0.000,0.000,1.800,-1.800
1790509924.841,5.855,1.197,0.000,0.000,4.055,1.197,0.000,0.000,1.800,-1.800
1790509924.941,5.855,1.197,0.000,0.000,4.055,1.197,0.000,0.000,1.800,-1.800
1790509925.041,5.855,1.197,0.000,0.000,4.055,1.197,0.000,0.000,1.800,-1.800
1790509925.141,5.855,1.197,0.000,0.000,4.055,1.197,0.000,0.000,1.800,-1.800
1790509925.241,5.855,1.197,0.000,0.000,4.055,1.197,0.000,0.000,1.800,-1.800
1790509925.341,5.855,1.197,0.000,0.000,4.055,1.197,0.000,0.000,1.800,-1.800
1790509925.441,5.855,1.197,0.000,0.000,4.055,1.197,0.000,0.000,1.800,-1.800
1790509925.542,5.855,1.197,0.000,0.000,4.055,1.197,0.000,0.000,1.800,-1.800
1790509925.641,5.855,1.197,0.000,0.000,4.055,1.197,0.000,0.000,1.800,-1.800
1790509925.741,5.855,1.197,0.000,0.000,4.055,1.197,0.000,0.000,1.800,-1.800
1790509925.841,5.855,1.197,0.000,0.000,4.055,1.197,0.000,0.000,1.800,-1.800
1790509925.941,5.855,1.197,0.000,0.000,4.055,1.197,0.000,0.000,1.800,-1.800
1790509926.041,5.855,1.197,0.000,0.000,4.055,1.197,0.000,0.000,1.800,-1.800
1790509926.141,5.855,1.197,0.000,0.000,4.055,1.197,0.000,0.000,1.800,-1.800
1790509926.241,5.855,1.197,0.000,0.000,4.055,1.197,0.000,0.000,1.800,-1.800
1790509926.341,5.855,1.197,0.000,0.000,4.055,1.197,0.000,0.000,1.800,-1.800
1790509926.441,5.855,1.197,0.000,0.000,4.055,1.197,0.000,0.000,1.800,-1.800
1790509926.541,5.855,1.197,0.000,0.000,4.055,1.197,0.000,0.000,1.800,-1.800
1790509926.641,5.855,1.197,0.000,0.000,4.055,1.197,0.000,0.000,1.800,-1.800
1790509926.741,5.855,1.197,0.000,0.000,4.055,1.197,0.000,0.000,1.800,-1.800
1790509926.841,5.855,1.197,0.000,0.000,4.055,1.197,0.000,0.000,1.800,-1.800
1790509926.941,5.855,1.197,0.000,0.000,4.055,1.197,0.000,0.000,1.800,-1.800
1790509927.041,5.855,1.197,0.000,0.000,4.055,1.197,0.000,0.000,1.800,-1.800
1790509927.141,5.855,1.197,0.000,0.000,4.055,1.197,0.000,0.000,1.800,-1.800
1790509927.241,5.855,1.197,0.000,0.000,4.055,1.197,0.000,0.000,1.800,-1.800
1790509927.341,5.855,1.197,0.000,0.000,4.055,1.197,0.000,0.000,1.800,-1.800
1790509927.441,5.855,1.197,0.000,0.000,4.055,1.197,0.000,0.000,1.800,-1.800
1790509927.541,5.855,1.197,0.000,0.000,4.055,1.197,0.000,0.000,1.800,-1.800
1790509927.641,5.855,1.197,0.000,0.000,4.055,1.197,0.000,0.000,1.800,-1.800
1790509927.741,5.855,1.197,0.000,0.000,4.055,1.197,0.000,0.000,1.800,-1.800
1790509927.841,5.855,1.197,0.000,0.000,4.055,1.197,0.000,0.000,1.800,-1.800
1790509927.941,5.855,1.197,0.000,0.000,4.055,1.197,0.000,0.000,1.800,-1.800
1790509928.041,5.855,1.197,0.000,0.000,4.055,1.197,0.000,0.000,1.800,-1.800
1790509928.141,5.855,1.197,0.000,0.000,4.055,1.197,0.000,0.000,1.800,-1.800
1790509928.241,5.855,1.197,0.000,0.000,4.055,1.197,0.000,0.000,1.800,-1.800
1790509928.341,5.855,1.197,0.000,0.000,4.055,1.197,0.000,0.000,1.800,-1.800
1790509928.441,5.855,1.197,0.000,0.000,4.055,1.197,0.000,0.000,1.800,-1.800
1790509928.541,5.855,1.197,0.000,0.000,4.055,1.197,0.000,0.000,1.800,-1.800
1790509928.641,5.855,1.197,0.000,0.000,4.055,1.197,0.000,0.000,1.800,-1.800
1790509928.741,5.855,1.197,0.000,0.000,4.055,1.197,0.000,0.000,1.800,-1.800
1790509928.841,5.855,1.197,0.000,0.000,4.055,1.197,0.000,0.000,1.800,-1.800
1790509928.941,5.855,1.197,0.000,0.000,4.055,1.197,0.000,0.000,1.800,-1.800
1790509929.041,5.855,1.197,0.000,0.000,4.055,1.197,0.000,0.000,1.800,-1.800
1790509929.142,5.855,1.197,0.000,0.000,4.055,1.197,0.000,0.000,1.800,-1.800
1790509929.241,5.855,1.197,0.000,0.000,4.055,1.197,0.000,0.000,1.800,-1.800
1790509929.341,5.855,1.197,0.000,0.000,4.055,1.197,0.000,0.000,1.800,-1.800
1790509929.441,5.855,1.197,0.000,0.000,4.055,1.197,0.000,0.000,1.800,-1.800
1790509929.541,5.855,1.197,0.000,0.000,4.055,1.197,0.000,0.000,1.800,-1.800
1790509929.641,5.855,1.197,0.000,0.000,4.055,1.197,0.000,0.000,1.800,-1.800
1790509929.741,5.855,1.197,0.000,0.000,4.055,1.197,0.000,0.000,1.800,-1.800
1790509929.841,5.855,1.197,0.000,0.000,4.055,1.197,0.000,0.000,1.800,-1.800
1790509929.942,5.855,1.197,0.000,0.000,4.055,1.197,0.000,0.000,1.800,-1.800
1790509930.041,5.855,1.197,0.000,0.000,4.055,1.197,0.000,0.000,1.800,-1.800
1790509930.141,5.855,1.197,0.000,0.000,4.055,1.197,0.000,0.000,1.800,-1.800
1790509930.241,5.855,1.197,0.000,0.000,4.055,1.197,0.000,0.000,1.800,-1.800
1790509930.341,5.855,1.197,0.000,0.000,4.055,1.197,0.000,0.000,1.800,-1.800
1790509930.441,5.855,1.197,0.000,0.000,4.055,1.197,0.000,0.000,1.800,-1.800
1790509930.541,5.855,1.197,0.000,0.000,4.055,1.197,0.000,0.000,1.800,-1.800
1790509930.641,5.855,1.197,0.000,0.000,4.055,1.197,0.000,0.000,1.800,-1.800
1790509930.741,5.855,1.197,0.000,0.000,4.055,1.197,0.000,0.000,1.800,-1.800
1790509930.841,5.855,1.197,0.000,0.000,4.055,1.197,0.000,0.000,1.800,-1.800
1790509930.941,5.855,1.197,0.000,0.000,4.055,1.197,0.000,0.000,1.800,-1.800
1790509931.042,5.855,1.197,0.000,0.000,4.055,1.197,0.000,0.000,1.800,-1.800
1790509931.141,5.855,1.197,0.000,0.000,4.055,1.197,0.000,0.000,1.800,-1.800
1790509931.241,5.855,1.197,0.000,0.000,4.055,1.197,0.000,0.000,1.800,-1.800
1790509931.341,5.855,1.197,0.000,0.000,4.055,1.197,0.000,0.000,1.800,-1.800
1790509931.441,5.855,1.197,0.000,0.000,4.055,1.197,0.000,0.000,1.800,-1.800
1790509931.541,5.855,1.197,0.000,0.000,4.055,1.197,0.000,0.000,1.800,-1.800
1790509931.641,5.855,1.197,0.000,0.000,4.055,1.197,0.000,0.000,1.800,-1.800
1790509931.744,5.855,1.197,0.000,0.000,4.055,1.197,0.000,0.000,1.800,-1.800
1790509931.841,5.855,1.197,0.000,0.000,4.055,1.197,0.000,0.000,1.800,-1.800
1790509931.941,5.855,1.197,0.000,0.000,4.055,1.197,0.000,0.000,1.800,-1.800
1790509932.041,5.855,1.197,0.000,0.000,4.055,1.197,0.000,0.000,1.800,-1.800
1790509932.141,5.855,1.197,0.000,0.000,4.055,1.197,0.000,0.000,1.800,-1.800
1790509932.241,5.855,1.197,0.000,0.000,4.055,1.197,0.000,0.000,1.800,-1.800
1790509932.341,5.855,1.197,0.000,0.000,4.055,1.197,0.000,0.000,1.800,-1.800
1790509932.441,5.855,1.197,0.000,0.000,4.055,1.197,0.000,0.000,1.800,-1.800
1790509932.541,5.855,1.197,0.000,0.000,4.055,1.197,0.000,0.000,1.800,-1.800
1790509932.641,5.855,1.197,0.000,0.000,4.055,1.197,0.000,0.000,1.800,-1.800
1790509932.741,5.855,1.197,0.000,0.000,4.055,1.197,0.000,0.000,1.800,-1.800
1790509932.841,5.855,1.197,0.000,0.000,4.055,1.197,0.000,0.000,1.800,-1.800
1790509932.941,5.855,1.197,0.000,0.000,4.055,1.197,0.000,0.000,1.800,-1.800
1790509933.041,5.855,1.197,0.000,0.000,4.055,1.197,0.000,0.000,1.800,-1.800
1790509933.141,5.855,1.197,0.000,0.000,4.055,1.197,0.000,0.000,1.800,-1.800
1790509933.241,5.855,1.197,0.000,0.000,4.055,1.197,0.000,0.000,1.800,-1.800
1790509933.341,5.855,1.197,0.000,0.000,4.055,1.197,0.000,0.000,1.800,-1.800
1790509933.441,5.855,1.197,0.000,0.000,4.055,1.197,0.000,0.000,1.800,-1.800
1790509933.541,5.855,1.197,0.000,0.000,4.055,1.197,0.000,0.000,1.800,-1.800
1790509933.641,5.855,1.197,0.000,0.000,4.055,1.197,0.000,0.000,1.800,-1.800
1790509933.741,5.855,1.197,0.000,0.000,4.055,1.197,0.000,0.000,1.800,-1.800
1790509933.841,5.855,1.197,0.000,0.000,4.055,1.197,0.000,0.000,1.800,-1.800
1790509933.941,5.855,1.197,0.000,0.000,4.055,1.197,0.000,0.000,1.800,-1.800
1790509934.041,5.855,1.197,0.000,0.000,4.055,1.197,0.000,0.000,1.800,-1.800
1790509934.141,5.855,1.197,0.000,0.000,4.055,1.197,0.000,0.000,1.800,-1.800
1790509934.241,5.855,1.197,0.000,0.000,4.055,1.197,0.000,0.000,1.800,-1.800
1790509934.341,5.855,1.197,0.000,0.000,4.055,1.197,0.000,0.000,1.800,-1.800
1790509934.441,5.855,1.197,0.000,0.000,4.055,1.197,0.000,0.000,1.800,-1.800
1790509934.541,5.855,1.197,0.000,0.000,4.055,1.197,0.000,0.000,1.800,-1.800
1790509934.641,5.855,1.197,0.000,0.000,4.055,1.197,0.000,0.000,1.800,-1.800
1790509934.741,5.855,1.197,0.000,0.000,4.055,1.197,0.000,0.000,1.800,-1.800
1790509934.841,5.855,1.197,0.000,0.000,4.055,1.197,0.000,0.000,1.800,-1.800
1790509934.941,5.855,1.197,0.000,0.000,4.055,1.197,0.000,0.000,1.800,-1.800
1790509935.041,5.855,1.197,0.000,0.000,4.055,1.197,0.000,0.000,1.800,-1.800
1790509935.141,5.855,1.197,0.000,0.000,4.055,1.197,0.000,0.000,1.800,-1.800
1790509935.241,5.855,1.197,0.000,0.000,4.055,1.197,0.000,0.000,1.800,-1.800
1790509935.341,5.855,1.197,0.000,0.000,4.055,1.197,0.000,0.000,1.800,-1.800
1790509935.441,5.855,1.197,0.000,0.000,4.055,1.197,0.000,0.000,1.800,-1.800
1790509935.541,5.855,1.197,0.000,0.000,4.055,1.197,0.000,0.000,1.800,-1.800
1790509935.641,5.855,1.197,0.000,0.000,4.055,1.197,0.000,0.000,1.800,-1.800
1790509935.741,5.855,1.197,0.000,0.000,4.055,1.197,0.000,0.000,1.800,-1.800
1790509935.841,5.855,1.197,0.000,0.000,4.055,1.197,0.000,0.000,1.800,-1.800
1790509935.941,5.855,1.197,0.000,0.000,4.055,1.197,0.000,0.000,1.800,-1.800
1790509936.041,5.855,1.197,0.000,0.000,4.055,1.197,0.000,0.000,1.800,-1.800
1790509936.141,5.855,1.197,0.000,0.000,4.055,1.197,0.000,0.000,1.800,-1.800
1790509936.241,5.855,1.197,0.000,0.000,4.055,1.197,0.000,0.000,1.800,-1.800
1790509936.341,5.855,1.197,0.000,0.000,4.055,1.197,0.000,0.000,1.800,-1.800
1790509936.441,5.855,1.197,0.000,0.000,4.055,1.197,0.000,0.000,1.800,-1.800
1790509936.541,5.855,1.197,0.000,0.000,4.055,1.197,0.000,0.000,1.800,-1.800
1790509936.641,5.855,1.197,0.000,0.000,4.055,1.197,0.000,0.000,1.800,-1.800
1790509936.741,5.855,1.197,0.000,0.000,4.055,1.197,0.000,0.000,1.800,-1.800
1790509936.841,5.855,1.197,0.000,0.000,4.055,1.197,0.000,0.000,1.800,-1.800
1790509936.941,5.855,1.197,0.000,0.000,4.055,1.197,0.000,0.000,1.800,-1.800
1790509937.041,5.855,1.197,0.000,0.000,4.055,1.197,0.000,0.000,1.800,-1.800
1790509937.141,5.855,1.197,0.000,0.000,4.055,1.197,0.000,0.000,1.800,-1.800
1790509937.241,5.855,1.197,0.000,0.000,4.055,1.197,0.000,0.000,1.800,-1.800
1790509937.341,5.855,1.197,0.000,0.000,4.055,1.197,0.000,0.000,1.800,-1.800
1790509937.441,5.855,1.197,0.000,0.000,4.055,1.197,0.000,0.000,1.800,-1.800
1790509937.541,5.855,1.197,0.000,0.000,4.055,1.197,0.000,0.000,1.800,-1.800
1790509937.641,5.855,1.197,0.000,0.000,4.055,1.197,0.000,0.000,1.800,-1.800
1790509937.741,5.855,1.197,0.000,0.000,4.055,1.197,0.000,0.000,1.800,-1.800
1790509937.841,5.855,1.197,0.000,0.000,4.055,1.197,0.000,0.000,1.800,-1.800
1790509937.941,5.855,1.197,0.000,0.000,4.055,1.197,0.000,0.000,1.800,-1.800
1790509938.041,5.855,1.197,0.000,0.000,4.055,1.197,0.000,0.000,1.800,-1.800
1790509938.141,5.855,1.197,0.000,0.000,4.055,1.197,0.000,0.000,1.800,-1.800
1790509938.241,5.855,1.197,0.000,0.000,4.055,1.197,0.000,0.000,1.800,-1.800
1790509938.341,5.855,1.197,0.000,0.000,4.055,1.197,0.000,0.000,1.800,-1.800
1790509938.441,5.855,1.197,0.000,0.000,4.055,1.197,0.000,0.000,1.800,-1.800
1790509938.541,5.855,1.197,0.000,0.000,4.055,1.197,0.000,0.000,1.800,-1.800
1790509938.641,5.855,1.197,0.000,0.000,4.055,1.197,0.000,0.000,1.800,-1.800
1790509938.741,5.855,1.197,0.000,0.000,4.055,1.197,0.000,0.000,1.800,-1.800
1790509938.841,5.855,1.197,0.000,0.000,4.055,1.197,0.000,0.000,1.800,-1.800
1790509938.941,5.855,1.197,0.000,0.000,4.055,1.197,0.000,0.000,1.800,-1.800
1790509939.041,5.855,1.197,0.000,0.000,4.055,1.197,0.000,0.000,1.800,-1.800
1790509939.141,5.855,1.197,0.000,0.000,4.055,1.197,0.000,0.000,1.800,-1.800
1790509939.241,5.855,1.197,0.000,0.000,4.055,1.197,0.000,0.000,1.800,-1.800
1790509939.341,5.855,1.197,0.000,0.000,4.055,1.197,0.000,0.000,1.800,-1.800
1790509939.441,5.855,1.197,0.000,0.000,4.055,1.197,0.000,0.000,1.800,-1.800
1790509939.541,5.855,1.197,0.000,0.000,4.055,1.197,0.000,0.000,1.800,-1.800
1790509939.641,5.855,1.197,0.000,0.000,4.055,1.197,0.000,0.000,1.800,-1.800
1790509939.741,5.855,1.197,0.000,0.000,4.055,1.197,0.000,0.000,1.800,-1.800
1790509939.841,5.855,1.197,0.000,0.000,4.055,1.197,0.000,0.000,1.800,-1.800
1790509939.941,5.855,1.197,0.000,0.000,4.055,1.197,0.000,0.000,1.800,-1.800
1790509940.041,5.855,1.197,0.000,0.000,4.055,1.197,0.000,0.000,1.800,-1.800
1790509940.141,5.855,1.197,0.000,0.000,4.055,1.197,0.000,0.000,1.800,-1.800
1790509940.241,5.855,1.197,0.000,0.000,4.055,1.197,0.000,0.000,1.800,-1.800
1790509940.341,5.855,1.197,0.000,0.000,4.055,1.197,0.000,0.000,1.800,-1.800
1790509940.441,5.855,1.197,0.000,0.000,4.055,1.197,0.000,0.000,1.800,-1.800
1790509940.541,5.855,1.197,0.000,0.000,4.055,1.197,0.000,0.000,1.800,-1.800
1790509940.641,5.855,1.197,0.000,0.000,4.055,1.197,0.000,0.000,1.800,-1.800
1790509940.741,5.855,1.197,0.000,0.000,4.055,1.197,0.000,0.000,1.800,-1.800
1790509940.842,5.855,1.197,0.000,0.000,4.055,1.197,0.000,0.000,1.800,-1.800
1790509940.941,5.855,1.197,0.000,0.000,4.055,1.197,0.000,0.000,1.800,-1.800
1790509941.041,5.855,1.197,0.000,0.000,4.055,1.197,0.000,0.000,1.800,-1.800
1790509941.141,5.855,1.197,0.000,0.000,4.055,1.197,0.000,0.000,1.800,-1.800
1790509941.241,5.855,1.197,0.000,0.000,4.055,1.197,0.000,0.000,1.800,-1.800
1790509941.341,5.855,1.197,0.000,0.000,4.055,1.197,0.000,0.000,1.800,-1.800
1790509941.441,5.855,1.197,0.000,0.000,4.055,1.197,0.000,0.000,1.800,-1.800
1790509941.541,5.855,1.197,0.000,0.000,4.055,1.197,0.000,0.000,1.800,-1.800
1790509941.641,5.855,1.197,0.000,0.000,4.055,1.197,0.000,0.000,1.800,-1.800
1790509941.741,5.855,1.197,0.000,0.000,4.055,1.197,0.000,0.000,1.800,-1.800
1790509941.841,5.855,1.197,0.000,0.000,4.055,1.197,0.000,0.000,1.800,-1.800
1790509941.941,5.855,1.197,0.000,0.000,4.055,1.197,0.000,0.000,1.800,-1.800
1790509942.041,5.855,1.197,0.000,0.000,4.055,1.197,0.000,0.000,1.800,-1.800
1790509942.141,5.855,1.197,0.000,0.000,4.055,1.197,0.000,0.000,1.800,-1.800
1790509942.241,5.855,1.197,0.000,0.000,4.055,1.197,0.000,0.000,1.800,-1.800
1790509942.341,5.855,1.197,0.000,0.000,4.055,1.197,0.000,0.000,1.800,-1.800
1790509942.441,5.855,1.197,0.000,0.000,4.055,1.197,0.000,0.000,1.800,-1.800
1790509942.541,5.855,1.197,0.000,0.000,4.055,1.197,0.000,0.000,1.800,-1.800
1790509942.641,5.855,1.197,0.000,0.000,4.055,1.197,0.000,0.000,1.800,-1.800
1790509942.741,5.855,1.197,0.000,0.000,4.055,1.197,0.000,0.000,1.800,-1.800
1790509942.841,5.855,1.197,0.000,0.000,4.055,1.197,0.000,0.000,1.800,-1.800
1790509942.941,5.855,1.197,0.000,0.000,4.055,1.197,0.000,0.000,1.800,-1.800
1790509943.041,5.855,1.197,0.000,0.000,4.055,1.197,0.000,0.000,1.800,-1.800
1790509943.141,5.855,1.197,0.000,0.000,4.055,1.197,0.000,0.000,1.800,-1.800
1790509943.241,5.855,1.197,0.000,0.000,4.055,1.197,0.000,0.000,1.800,-1.800
1790509943.341,5.855,1.197,0.000,0.000,4.055,1.197,0.000,0.000,1.800,-1.800
1790509943.441,5.855,1.197,0.000,0.000,4.055,1.197,0.000,0.000,1.800,-1.800
1790509943.542,5.855,1.197,0.000,0.000,4.055,1.197,0.000,0.000,1.800,-1.800
1790509943.641,5.855,1.197,0.000,0.000,4.055,1.197,0.000,0.000,1.800,-1.800
1790509943.741,5.855,1.197,0.000,0.000,4.055,1.197,0.000,0.000,1.800,-1.800
1790509943.841,5.855,1.197,0.000,0.000,4.055,1.197,0.000,0.000,1.800,-1.800
1790509943.941,5.855,1.197,0.000,0.000,4.055,1.197,0.000,0.000,1.800,-1.800
1790509944.041,5.855,1.197,0.000,0.000,4.055,1.197,0.000,0.000,1.800,-1.800
1790509944.141,5.855,1.197,0.000,0.000,4.055,1.197,0.000,0.000,1.800,-1.800
1790509944.241,5.855,1.197,0.000,0.000,4.055,1.197,0.000,0.000,1.800,-1.800
1790509944.341,5.855,1.197,0.000,0.000,4.055,1.197,0.000,0.000,1.800,-1.800
1790509944.441,5.855,1.197,0.000,0.000,4.055,1.197,0.000,0.000,1.800,-1.800
1790509944.542,5.855,1.197,0.000,0.000,4.055,1.197,0.000,0.000,1.800,-1.800
1790509944.641,5.855,1.197,0.000,0.000,4.055,1.197,0.000,0.000,1.800,-1.800
1790509944.741,5.855,1.197,0.000,0.000,4.055,1.197,0.000,0.000,1.800,-1.800
1790509944.842,5.855,1.197,0.000,0.000,4.055,1.197,0.000,0.000,1.800,-1.800
1790509944.941,5.855,1.197,0.000,0.000,4.055,1.197,0.000,0.000,1.800,-1.800
1790509945.041,5.855,1.197,0.000,0.000,4.055,1.197,0.000,0.000,1.800,-1.800
1790509945.141,5.855,1.197,0.000,0.000,4.055,1.197,0.000,0.000,1.800,-1.800
1790509945.241,5.855,1.197,0.000,0.000,4.055,1.197,0.000,0.000,1.800,-1.800
1790509945.341,5.855,1.197,0.000,0.000,4.055,1.197,0.000,0.000,1.800,-1.800
1790509945.441,5.855,1.197,0.000,0.000,4.055,1.197,0.000,0.000,1.800,-1.800
1790509945.542,5.855,1.197,0.000,0.000,4.055,1.197,0.000,0.000,1.800,-1.800
1790509945.641,5.855,1.197,0.000,0.000,4.055,1.197,0.000,0.000,1.800,-1.800
1790509945.741,5.855,1.197,0.000,0.000,4.055,1.197,0.000,0.000,1.800,-1.800
1790509945.841,5.855,1.197,0.000,0.000,4.055,1.197,0.000,0.000,1.800,-1.800
1790509945.941,5.855,1.197,0.000,0.000,4.055,1.197,0.000,0.000,1.800,-1.800
1790509946.041,5.855,1.197,0.000,0.000,4.055,1.197,0.000,0.000,1.800,-1.800
1790509946.141,5.855,1.197,0.000,0.000,4.055,1.197,0.000,0.000,1.800,-1.800
1790509946.241,5.855,1.197,0.000,0.000,4.055,1.197,0.000,0.000,1.800,-1.800
1790509946.341,5.855,1.197,0.000,0.000,4.055,1.197,0.000,0.000,1.800,-1.800
1790509946.441,5.855,1.197,0.000,0.000,4.055,1.197,0.000,0.000,1.800,-1.800
1790509946.541,5.855,1.197,0.000,0.000,4.055,1.197,0.000,0.000,1.800,-1.800
1790509946.641,5.855,1.197,0.000,0.000,4.055,1.197,0.000,0.000,1.800,-1.800
1790509946.741,5.855,1.197,0.000,0.000,4.055,1.197,0.000,0.000,1.800,-1.800
1790509946.841,5.855,1.197,0.000,0.000,4.055,1.197,0.000,0.000,1.800,-1.800
1790509946.941,5.855,1.197,0.000,0.000,4.055,1.197,0.000,0.000,1.800,-1.800
1790509947.041,5.855,1.197,0.000,0.000,4.055,1.197,0.000,0.000,1.800,-1.800
1790509947.141,5.855,1.197,0.000,0.000,4.055,1.197,0.000,0.000,1.800,-1.800
1790509947.241,5.855,1.197,0.000,0.000,4.055,1.197,0.000,0.000,1.800,-1.800
1790509947.341,5.855,1.197,0.000,0.000,4.055,1.197,0.000,0.000,1.800,-1.800
1790509947.441,5.855,1.197,0.000,0.000,4.055,1.197,0.000,0.000,1.800,-1.800
1790509947.541,5.855,1.197,0.000,0.000,4.055,1.197,0.000,0.000,1.800,-1.800
1790509947.641,5.855,1.197,0.000,0.000,4.055,1.197,0.000,0.000,1.800,-1.800
1790509947.741,5.855,1.197,0.000,0.000,4.055,1.197,0.000,0.000,1.800,-1.800
1790509947.841,5.855,1.197,0.000,0.000,4.055,1.197,0.000,0.000,1.800,-1.800
1790509947.941,5.855,1.197,0.000,0.000,4.055,1.197,0.000,0.000,1.800,-1.800
1790509948.041,5.855,1.197,0.000,0.000,4.055,1.197,0.000,0.000,1.800,-1.800
1790509948.141,5.855,1.197,0.000,0.000,4.055,1.197,0.000,0.000,1.800,-1.800
1790509948.241,5.855,1.197,0.000,0.000,4.055,1.197,0.000,0.000,1.800,-1.800
1790509948.341,5.855,1.197,0.000,0.000,4.055,1.197,0.000,0.000,1.800,-1.800
1790509948.441,5.855,1.197,0.000,0.000,4.055,1.197,0.000,0.000,1.800,-1.800
1790509948.541,5.855,1.197,0.000,0.000,4.055,1.197,0.000,0.000,1.800,-1.800
1790509948.641,5.855,1.197,0.000,0.000,4.055,1.197,0.000,0.000,1.800,-1.800
1790509948.741,5.855,1.197,0.000,0.000,4.055,1.197,0.000,0.000,1.800,-1.800
1790509948.841,5.855,1.197,0.000,0.000,4.055,1.197,0.000,0.000,1.800,-1.800
1790509948.942,5.855,1.197,0.000,0.000,4.055,1.197,0.000,0.000,1.800,-1.800
1790509949.041,5.855,1.197,0.000,0.000,4.055,1.197,0.000,0.000,1.800,-1.800
1790509949.141,5.855,1.197,0.000,0.000,4.055,1.197,0.000,0.000,1.800,-1.800
1790509949.241,5.855,1.197,0.000,0.000,4.055,1.197,0.000,0.000,1.800,-1.800
1790509949.341,5.855,1.197,0.000,0.000,4.055,1.197,0.000,0.000,1.800,-1.800
1790509949.441,5.855,1.197,0.000,0.000,4.055,1.197,0.000,0.000,1.800,-1.800
1790509949.541,5.855,1.197,0.000,0.000,4.055,1.197,0.000,0.000,1.800,-1.800
1790509949.641,5.855,1.197,0.000,0.000,4.055,1.197,0.000,0.000,1.800,-1.800
1790509949.741,5.855,1.197,0.000,0.000,4.055,1.197,0.000,0.000,1.800,-1.800
1790509949.841,5.855,1.197,0.000,0.000,4.055,1.197,0.000,0.000,1.800,-1.800
1790509949.941,5.855,1.197,0.000,0.000,4.055,1.197,0.000,0.000,1.800,-1.800
1790509950.041,5.855,1.197,0.000,0.000,4.055,1.197,0.000,0.000,1.800,-1.800
1790509950.141,5.855,1.197,0.000,0.000,4.055,1.197,0.000,0.000,1.800,-1.800
1790509950.241,5.855,1.197,0.000,0.000,4.055,1.197,0.000,0.000,1.800,-1.800
1790509950.341,5.855,1.197,0.000,0.000,4.055,1.197,0.000,0.000,1.800,-1.800
1790509950.441,5.855,1.197,0.000,0.000,4.055,1.197,0.000,0.000,1.800,-1.800
1790509950.541,5.855,1.197,0.000,0.000,4.055,1.197,0.000,0.000,1.800,-1.800
1790509950.641,5.855,1.197,0.000,0.000,4.055,1.197,0.000,0.000,1.800,-1.800
1790509950.741,5.855,1.197,0.000,0.000,4.055,1.197,0.000,0.000,1.800,-1.800
1790509950.841,5.855,1.197,0.000,0.000,4.055,1.197,0.000,0.000,1.800,-1.800
1790509950.941,5.855,1.197,0.000,0.000,4.055,1.197,0.000,0.000,1.800,-1.800
1790509951.041,5.855,1.197,0.000,0.000,4.055,1.197,0.000,0.000,1.800,-1.800
1790509951.141,5.855,1.197,0.000,0.000,4.055,1.197,0.000,0.000,1.800,-1.800
1790509951.241,5.855,1.197,0.000,0.000,4.055,1.197,0.000,0.000,1.800,-1.800
1790509951.341,5.855,1.197,0.000,0.000,4.055,1.197,0.000,0.000,1.800,-1.800
1790509951.441,5.855,1.197,0.000,0.000,4.055,1.197,0.000,0.000,1.800,-1.800
1790509951.541,5.855,1.197,0.000,0.000,4.055,1.197,0.000,0.000,1.800,-1.800
1790509951.641,5.855,1.197,0.000,0.000,4.055,1.197,0.000,0.000,1.800,-1.800
1790509951.741,5.855,1.197,0.000,0.000,4.055,1.197,0.000,0.000,1.800,-1.800
1790509951.841,5.855,1.197,0.000,0.000,4.055,1.197,0.000,0.000,1.800,-1.800
1790509951.941,5.855,1.197,0.000,0.000,4.055,1.197,0.000,0.000,1.800,-1.800
1790509952.041,5.855,1.197,0.000,0.000,4.055,1.197,0.000,0.000,1.800,-1.800
1790509952.141,5.855,1.197,0.000,0.000,4.055,1.197,0.000,0.000,1.800,-1.800
1790509952.241,5.855,1.197,0.000,0.000,4.055,1.197,0.000,0.000,1.800,-1.800
1790509952.341,5.855,1.197,0.000,0.000,4.055,1.197,0.000,0.000,1.800,-1.800
1790509952.441,5.855,1.197,0.000,0.000,4.055,1.197,0.000,0.000,1.800,-1.800
1790509952.541,5.855,1.197,0.000,0.000,4.055,1.197,0.000,0.000,1.800,-1.800
1790509952.641,5.855,1.197,0.000,0.000,4.055,1.197,0.000,0.000,1.800,-1.800
1790509952.741,5.855,1.197,0.000,0.000,4.055,1.197,0.000,0.000,1.800,-1.800
1790509952.841,5.855,1.197,0.000,0.000,4.055,1.197,0.000,0.000,1.800,-1.800
1790509952.941,5.855,1.197,0.000,0.000,4.055,1.197,0.000,0.000,1.800,-1.800
1790509953.041,5.855,1.197,0.000,0.000,4.055,1.197,0.000,0.000,1.800,-1.800
1790509953.141,5.855,1.197,0.000,0.000,4.055,1.197,0.000,0.000,1.800,-1.800
1790509953.241,5.855,1.197,0.000,0.000,4.055,1.197,0.000,0.000,1.800,-1.800
1790509953.341,5.855,1.197,0.000,0.000,4.055,1.197,0.000,0.000,1.800,-1.800
1790509953.441,5.855,1.197,0.000,0.000,4.055,1.197,0.000,0.000,1.800,-1.800
1790509953.541,5.855,1.197,0.000,0.000,4.055,1.197,0.000,0.000,1.800,-1.800
1790509953.641,5.855,1.197,0.000,0.000,4.055,1.197,0.000,0.000,1.800,-1.800
1790509953.741,5.855,1.197,0.000,0.000,4.055,1.197,0.000,0.000,1.800,-1.800
1790509953.841,5.855,1.197,0.000,0.000,4.055,1.197,0.000,0.000,1.800,-1.800
1790509953.941,5.855,1.197,0.000,0.000,4.055,1.197,0.000,0.000,1.800,-1.800
1790509954.041,5.855,1.197,0.000,0.000,4.055,1.197,0.000,0.000,1.800,-1.800
1790509954.141,5.855,1.197,0.000,0.000,4.055,1.197,0.000,0.000,1.800,-1.800
1790509954.241,5.855,1.197,0.000,0.000,4.055,1.197,0.000,0.000,1.800,-1.800
1790509954.341,5.855,1.197,0.000,0.000,4.055,1.197,0.000,0.000,1.800,-1.800
1790509954.441,5.855,1.197,0.000,0.000,4.055,1.197,0.000,0.000,1.800,-1.800
1790509954.541,5.855,1.197,0.000,0.000,4.055,1.197,0.000,0.000,1.800,-1.800
1790509954.641,5.855,1.197,0.000,0.000,4.055,1.197,0.000,0.000,1.800,-1.800
1790509954.741,5.855,1.197,0.000,0.000,4.055,1.197,0.000,0.000,1.800,-1.800
1790509954.842,5.855,1.197,0.000,0.000,4.055,1.197,0.000,0.000,1.800,-1.800
1790509954.941,5.855,1.197,0.000,0.000,4.055,1.197,0.000,0.000,1.800,-1.800
1790509955.041,5.855,1.197,0.000,0.000,4.055,1.197,0.000,0.000,1.800,-1.800
1790509955.141,5.855,1.197,0.000,0.000,4.055,1.197,0.000,0.000,1.800,-1.800
1790509955.241,5.855,1.197,0.000,0.000,4.055,1.197,0.000,0.000,1.800,-1.800
1790509955.341,5.855,1.197,0.000,0.000,4.055,1.197,0.000,0.000,1.800,-1.800
1790509955.441,5.855,1.197,0.000,0.000,4.055,1.197,0.000,0.000,1.800,-1.800
1790509955.541,5.855,1.197,0.000,0.000,4.055,1.197,0.000,0.000,1.800,-1.800
1790509955.641,5.855,1.197,0.000,0.000,4.055,1.197,0.000,0.000,1.800,-1.800
1790509955.741,5.855,1.197,0.000,0.000,4.055,1.197,0.000,0.000,1.800,-1.800
1790509955.841,5.855,1.197,0.000,0.000,4.055,1.197,0.000,0.000,1.800,-1.800
1790509955.941,5.855,1.197,0.000,0.000,4.055,1.197,0.000,0.000,1.800,-1.800
1790509956.041,5.855,1.197,0.000,0.000,4.055,1.197,0.000,0.000,1.800,-1.800
1790509956.141,5.855,1.197,0.000,0.000,4.055,1.197,0.000,0.000,1.800,-1.800
1790509956.241,5.855,1.197,0.000,0.000,4.055,1.197,0.000,0.000,1.800,-1.800
1790509956.341,5.855,1.197,0.000,0.000,4.055,1.197,0.000,0.000,1.800,-1.800
1790509956.441,5.855,1.197,0.000,0.000,4.055,1.197,0.000,0.000,1.800,-1.800
1790509956.541,5.855,1.197,0.000,0.000,4.055,1.197,0.000,0.000,1.800,-1.800
1790509956.641,5.855,1.197,0.000,0.000,4.055,1.197,0.000,0.000,1.800,-1.800
1790509956.741,5.855,1.197,0.000,0.000,4.055,1.197,0.000,0.000,1.800,-1.800
1790509956.841,5.855,1.197,0.000,0.000,4.055,1.197,0.000,0.000,1.800,-1.800
1790509956.941,5.855,1.197,0.000,0.000,4.055,1.197,0.000,0.000,1.800,-1.800
1790509957.041,5.855,1.197,0.000,0.000,4.055,1.197,0.000,0.000,1.800,-1.800
1790509957.141,5.855,1.197,0.000,0.000,4.055,1.197,0.000,0.000,1.800,-1.800
1790509957.241,5.855,1.197,0.000,0.000,4.055,1.197,0.000,0.000,1.800,-1.800
1790509957.341,5.855,1.197,0.000,0.000,4.055,1.197,0.000,0.000,1.800,-1.800
1790509957.441,5.855,1.197,0.000,0.000,4.055,1.197,0.000,0.000,1.800,-1.800
1790509957.541,5.855,1.197,0.000,0.000,4.055,1.197,0.000,0.000,1.800,-1.800
1790509957.641,5.855,1.197,0.000,0.000,4.055,1.197,0.000,0.000,1.800,-1.800
1790509957.741,5.855,1.197,0.000,0.000,4.055,1.197,0.000,0.000,1.800,-1.800
1790509957.841,5.855,1.197,0.000,0.000,4.055,1.197,0.000,0.000,1.800,-1.800
1790509957.941,5.855,1.197,0.000,0.000,4.055,1.197,0.000,0.000,1.800,-1.800
1790509958.041,5.855,1.197,0.000,0.000,4.055,1.197,0.000,0.000,1.800,-1.800
1790509958.141,5.855,1.197,0.000,0.000,4.055,1.197,0.000,0.000,1.800,-1.800
1790509958.241,5.855,1.197,0.000,0.000,4.055,1.197,0.000,0.000,1.800,-1.800
1790509958.341,5.855,1.197,0.000,0.000,4.055,1.197,0.000,0.000,1.800,-1.800
1790509958.441,5.855,1.197,0.000,0.000,4.055,1.197,0.000,0.000,1.800,-1.800
1790509958.541,5.855,1.197,0.000,0.000,4.055,1.197,0.000,0.000,1.800,-1.800
1790509958.642,5.855,1.197,0.000,0.000,4.055,1.197,0.000,0.000,1.800,-1.800
1790509958.741,5.855,1.197,0.000,0.000,4.055,1.197,0.000,0.000,1.800,-1.800
1790509958.841,5.855,1.197,0.000,0.000,4.055,1.197,0.000,0.000,1.800,-1.800
1790509958.941,5.855,1.197,0.000,0.000,4.055,1.197,0.000,0.000,1.800,-1.800
1790509959.041,5.855,1.197,0.000,0.000,4.055,1.197,0.000,0.000,1.800,-1.800
1790509959.141,5.855,1.197,0.000,0.000,4.055,1.197,0.000,0.000,1.800,-1.800
1790509959.242,5.855,1.197,0.000,0.000,4.055,1.197,0.000,0.000,1.800,-1.800
1790509959.341,5.855,1.197,0.000,0.000,4.055,1.197,0.000,0.000,1.800,-1.800
1790509959.441,5.855,1.197,0.000,0.000,4.055,1.197,0.000,0.000,1.800,-1.800
1790509959.541,5.855,1.197,0.000,0.000,4.055,1.197,0.000,0.000,1.800,-1.800
1790509959.641,5.855,1.197,0.000,0.000,4.055,1.197,0.000,0.000,1.800,-1.800
1790509959.741,5.855,1.197,0.000,0.000,4.055,1.197,0.000,0.000,1.800,-1.800
1790509959.841,5.855,1.197,0.000,0.000,4.055,1.197,0.000,0.000,1.800,-1.800
1790509959.941,5.855,1.197,0.000,0.000,4.055,1.197,0.000,0.000,1.800,-1.800
1790509960.042,5.855,1.197,0.000,0.000,4.055,1.197,0.000,0.000,1.800,-1.800
1790509960.141,5.855,1.197,0.000,0.000,4.055,1.197,0.000,0.000,1.800,-1.800
1790509960.241,5.855,1.197,0.000,0.000,4.055,1.197,0.000,0.000,1.800,-1.800
1790509960.341,5.855,1.197,0.000,0.000,4.055,1.197,0.000,0.000,1.800,-1.800
1790509960.441,5.855,1.197,0.000,0.000,4.055,1.197,0.000,0.000,1.800,-1.800
1790509960.541,5.855,1.197,0.000,0.000,4.055,1.197,0.000,0.000,1.800,-1.800
1790509960.641,5.855,1.197,0.000,0.000,4.055,1.197,0.000,0.000,1.800,-1.800
1790509960.741,5.855,1.197,0.000,0.000,4.055,1.197,0.000,0.000,1.800,-1.800
1790509960.841,5.855,1.197,0.000,0.000,4.055,1.197,0.000,0.000,1.800,-1.800
1790509960.941,5.855,1.197,0.000,0.000,4.055,1.197,0.000,0.000,1.800,-1.800
1790509961.041,5.855,1.197,0.000,0.000,4.055,1.197,0.000,0.000,1.800,-1.800
1790509961.141,5.855,1.197,0.000,0.000,4.055,1.197,0.000,0.000,1.800,-1.800
1790509961.241,5.855,1.197,0.000,0.000,4.055,1.197,0.000,0.000,1.800,-1.800
1790509961.341,5.855,1.197,0.000,0.000,4.055,1.197,0.000,0.000,1.800,-1.800
1790509961.441,5.855,1.197,0.000,0.000,4.055,1.197,0.000,0.000,1.800,-1.800
1790509961.541,5.855,1.197,0.000,0.000,4.055,1.197,0.000,0.000,1.800,-1.800
1790509961.641,5.855,1.197,0.000,0.000,4.055,1.197,0.000,0.000,1.800,-1.800
1790509961.741,5.855,1.197,0.000,0.000,4.055,1.197,0.000,0.000,1.800,-1.800
1790509961.841,5.855,1.197,0.000,0.000,4.055,1.197,0.000,0.000,1.800,-1.800
1790509961.941,5.855,1.197,0.000,0.000,4.055,1.197,0.000,0.000,1.800,-1.800
1790509962.041,5.855,1.197,0.000,0.000,4.055,1.197,0.000,0.000,1.800,-1.800
1790509962.141,5.855,1.197,0.000,0.000,4.055,1.197,0.000,0.000,1.800,-1.800
1790509962.241,5.855,1.197,0.000,0.000,4.055,1.197,0.000,0.000,1.800,-1.800
1790509962.341,5.855,1.197,0.000,0.000,4.055,1.197,0.000,0.000,1.800,-1.800
1790509962.441,5.855,1.197,0.000,0.000,4.055,1.197,0.000,0.000,1.800,-1.800
1790509962.541,5.855,1.197,0.000,0.000,4.055,1.197,0.000,0.000,1.800,-1.800
1790509962.641,5.855,1.197,0.000,0.000,4.055,1.197,0.000,0.000,1.800,-1.800
1790509962.741,5.855,1.197,0.000,0.000,4.055,1.197,0.000,0.000,1.800,-1.800
1790509962.841,5.855,1.197,0.000,0.000,4.055,1.197,0.000,0.000,1.800,-1.800
1790509962.941,5.855,1.197,0.000,0.000,4.055,1.197,0.000,0.000,1.800,-1.800
1790509963.041,5.855,1.197,0.000,0.000,4.055,1.197,0.000,0.000,1.800,-1.800
1790509963.141,5.855,1.197,0.000,0.000,4.055,1.197,0.000,0.000,1.800,-1.800
1790509963.241,5.855,1.197,0.000,0.000,4.055,1.197,0.000,0.000,1.800,-1.800
1790509963.341,5.855,1.197,0.000,0.000,4.055,1.197,0.000,0.000,1.800,-1.800
1790509963.441,5.855,1.197,0.000,0.000,4.055,1.197,0.000,0.000,1.800,-1.800
1790509963.541,5.855,1.197,0.000,0.000,4.055,1.197,0.000,0.000,1.800,-1.800
1790509963.641,5.855,1.197,0.000,0.000,4.055,1.197,0.000,0.000,1.800,-1.800
1790509963.741,5.855,1.197,0.000,0.000,4.055,1.197,0.000,0.000,1.800,-1.800
1790509963.841,5.855,1.197,0.000,0.000,4.055,1.197,0.000,0.000,1.800,-1.800
1790509963.941,5.855,1.197,0.000,0.000,4.055,1.197,0.000,0.000,1.800,-1.800
1790509964.041,5.855,1.197,0.000,0.000,4.055,1.197,0.000,0.000,1.800,-1.800
1790509964.141,5.855,1.197,0.000,0.000,4.055,1.197,0.000,0.000,1.800,-1.800
1790509964.241,5.855,1.197,0.000,0.000,4.055,1.197,0.000,0.000,1.800,-1.800
1790509964.341,5.855,1.197,0.000,0.000,4.055,1.197,0.000,0.000,1.800,-1.800
1790509964.441,5.855,1.197,0.000,0.000,4.055,1.197,0.000,0.000,1.800,-1.800
1790509964.541,5.855,1.197,0.000,0.000,4.055,1.197,0.000,0.000,1.800,-1.800
1790509964.641,5.855,1.197,0.000,0.000,4.055,1.197,0.000,0.000,1.800,-1.800
1790509964.741,5.855,1.197,0.000,0.000,4.055,1.197,0.000,0.000,1.800,-1.800
1790509964.841,5.855,1.197,0.000,0.000,4.055,1.197,0.000,0.000,1.800,-1.800
1790509964.941,5.855,1.197,0.000,0.000,4.055,1.197,0.000,0.000,1.800,-1.800
1790509965.042,5.855,1.197,0.000,0.000,4.055,1.197,0.000,0.000,1.800,-1.800
1790509965.142,5.855,1.197,0.000,0.000,4.055,1.197,0.000,0.000,1.800,-1.800
1790509965.241,5.855,1.197,0.000,0.000,4.055,1.197,0.000,0.000,1.800,-1.800
1790509965.341,5.855,1.197,0.000,0.000,4.055,1.197,0.000,0.000,1.800,-1.800
1790509965.441,5.855,1.197,0.000,0.000,4.055,1.197,0.000,0.000,1.800,-1.800
1790509965.541,5.855,1.197,0.000,0.000,4.055,1.197,0.000,0.000,1.800,-1.800
1790509965.641,5.855,1.197,0.000,0.000,4.055,1.197,0.000,0.000,1.800,-1.800
1790509965.741,5.855,1.197,0.000,0.000,4.055,1.197,0.000,0.000,1.800,-1.800
1790509965.841,5.855,1.197,0.000,0.000,4.055,1.197,0.000,0.000,1.800,-1.800
1790509965.941,5.855,1.197,0.000,0.000,4.055,1.197,0.000,0.000,1.800,-1.800
1790509966.041,5.855,1.197,0.000,0.000,4.055,1.197,0.000,0.000,1.800,-1.800
1790509966.141,5.855,1.197,0.000,0.000,4.055,1.197,0.000,0.000,1.800,-1.800
1790509966.241,5.855,1.197,0.000,0.000,4.055,1.197,0.000,0.000,1.800,-1.800
1790509966.341,5.855,1.197,0.000,0.000,4.055,1.197,0.000,0.000,1.800,-1.800
1790509966.441,5.855,1.197,0.000,0.000,4.055,1.197,0.000,0.000,1.800,-1.800
1790509966.541,5.855,1.197,0.000,0.000,4.055,1.197,0.000,0.000,1.800,-1.800
1790509966.641,5.855,1.197,0.000,0.000,4.055,1.197,0.000,0.000,1.800,-1.800
1790509966.741,5.855,1.197,0.000,0.000,4.055,1.197,0.000,0.000,1.800,-1.800
1790509966.841,5.855,1.197,0.000,0.000,4.055,1.197,0.000,0.000,1.800,-1.800
1790509966.941,5.855,1.197,0.000,0.000,4.055,1.197,0.000,0.000,1.800,-1.800
1790509967.041,5.855,1.197,0.000,0.000,4.055,1.197,0.000,0.000,1.800,-1.800
1790509967.141,5.855,1.197,0.000,0.000,4.055,1.197,0.000,0.000,1.800,-1.800
1790509967.241,5.855,1.197,0.000,0.000,4.055,1.197,0.000,0.000,1.800,-1.800
1790509967.341,5.855,1.197,0.000,0.000,4.055,1.197,0.000,0.000,1.800,-1.800
1790509967.441,5.855,1.197,0.000,0.000,4.055,1.197,0.000,0.000,1.800,-1.800
1790509967.541,5.855,1.197,0.000,0.000,4.055,1.197,0.000,0.000,1.800,-1.800
1790509967.641,5.855,1.197,0.000,0.000,4.055,1.197,0.000,0.000,1.800,-1.800
1790509967.741,5.855,1.197,0.000,0.000,4.055,1.197,0.000,0.000,1.800,-1.800
1790509967.841,5.855,1.197,0.000,0.000,4.055,1.197,0.000,0.000,1.800,-1.800
1790509967.941,5.855,1.197,0.000,0.000,4.055,1.197,0.000,0.000,1.800,-1.800
1790509968.041,5.855,1.197,0.000,0.000,4.055,1.197,0.000,0.000,1.800,-1.800
1790509968.141,5.855,1.197,0.000,0.000,4.055,1.197,0.000,0.000,1.800,-1.800
1790509968.241,5.855,1.197,0.000,0.000,4.055,1.197,0.000,0.000,1.800,-1.800
1790509968.341,5.855,1.197,0.000,0.000,4.055,1.197,0.000,0.000,1.800,-1.800
1790509968.441,5.855,1.197,0.000,0.000,4.055,1.197,0.000,0.000,1.800,-1.800
1790509968.541,5.855,1.197,0.000,0.000,4.055,1.197,0.000,0.000,1.800,-1.800
1790509968.641,5.855,1.197,0.000,0.000,4.055,1.197,0.000,0.000,1.800,-1.800
1790509968.741,5.855,1.197,0.000,0.000,4.055,1.197,0.000,0.000,1.800,-1.800
1790509968.841,5.855,1.197,0.000,0.000,4.055,1.197,0.000,0.000,1.800,-1.800
1790509968.941,5.855,1.197,0.000,0.000,4.055,1.197,0.000,0.000,1.800,-1.800
1790509969.041,5.855,1.197,0.000,0.000,4.055,1.197,0.000,0.000,1.800,-1.800
1790509969.141,5.855,1.197,0.000,0.000,4.055,1.197,0.000,0.000,1.800,-1.800
1790509969.241,5.855,1.197,0.000,0.000,4.055,1.197,0.000,0.000,1.800,-1.800
1790509969.341,5.855,1.197,0.000,0.000,4.055,1.197,0.000,0.000,1.800,-1.800
1790509969.441,5.855,1.197,0.000,0.000,4.055,1.197,0.000,0.000,1.800,-1.800
1790509969.541,5.855,1.197,0.000,0.000,4.055,1.197,0.000,0.000,1.800,-1.800
1790509969.641,5.855,1.197,0.000,0.000,4.055,1.197,0.000,0.000,1.800,-1.800
1790509969.741,5.855,1.197,0.000,0.000,4.055,1.197,0.000,0.000,1.800,-1.800
1790509969.841,5.855,1.197,0.000,0.000,4.055,1.197,0.000,0.000,1.800,-1.800
1790509969.941,5.855,1.197,0.000,0.000,4.055,1.197,0.000,0.000,1.800,-1.800
1790509970.041,5.855,1.197,0.000,0.000,4.055,1.197,0.000,0.000,1.800,-1.800
1790509970.141,5.855,1.197,0.000,0.000,4.055,1.197,0.000,0.000,1.800,-1.800
1790509970.241,5.855,1.197,0.000,0.000,4.055,1.197,0.000,0.000,1.800,-1.800
1790509970.341,5.855,1.197,0.000,0.000,4.055,1.197,0.000,0.000,1.800,-1.800
1790509970.441,5.855,1.197,0.000,0.000,4.055,1.197,0.000,0.000,1.800,-1.800
1790509970.541,5.855,1.197,0.000,0.000,4.055,1.197,0.000,0.000,1.800,-1.800
1790509970.641,5.855,1.197,0.000,0.000,4.055,1.197,0.000,0.000,1.800,-1.800
1790509970.741,5.855,1.197,0.000,0.000,4.055,1.197,0.000,0.000,1.800,-1.800
1790509970.841,5.855,1.197,0.000,0.000,4.055,1.197,0.000,0.000,1.800,-1.800
1790509970.941,5.855,1.197,0.000,0.000,4.055,1.197,0.000,0.000,1.800,-1.800
1790509971.041,5.855,1.197,0.000,0.000,4.055,1.197,0.000,0.000,1.800,-1.800
1790509971.141,5.855,1.197,0.000,0.000,4.055,1.197,0.000,0.000,1.800,-1.800
1790509971.241,5.855,1.197,0.000,0.000,4.055,1.197,0.000,0.000,1.800,-1.800
1790509971.341,5.855,1.197,0.000,0.000,4.055,1.197,0.000,0.000,1.800,-1.800
1790509971.441,5.855,1.197,0.000,0.000,4.055,1.197,0.000,0.000,1.800,-1.800
1790509971.541,5.855,1.197,0.000,0.000,4.055,1.197,0.000,0.000,1.800,-1.800
1790509971.641,5.855,1.197,0.000,0.000,4.055,1.197,0.000,0.000,1.800,-1.800
1790509971.741,5.855,1.197,0.000,0.000,4.055,1.197,0.000,0.000,1.800,-1.800
1790509971.841,5.855,1.197,0.000,0.000,4.055,1.197,0.000,0.000,1.800,-1.800
1790509971.941,5.855,1.197,0.000,0.000,4.055,1.197,0.000,0.000,1.800,-1.800
1790509972.041,5.855,1.197,0.000,0.000,4.055,1.197,0.000,0.000,1.800,-1.800
1790509972.141,5.855,1.197,0.000,0.000,4.055,1.197,0.000,0.000,1.800,-1.800
1790509972.241,5.855,1.197,0.000,0.000,4.055,1.197,0.000,0.000,1.800,-1.800
1790509972.341,5.855,1.197,0.000,0.000,4.055,1.197,0.000,0.000,1.800,-1.800
1790509972.441,5.855,1.197,0.000,0.000,4.055,1.197,0.000,0.000,1.800,-1.800
1790509972.541,5.855,1.197,0.000,0.000,4.055,1.197,0.000,0.000,1.800,-1.800
1790509972.641,5.855,1.197,0.000,0.000,4.055,1.197,0.000,0.000,1.800,-1.800
1790509972.741,5.855,1.197,0.000,0.000,4.055,1.197,0.000,0.000,1.800,-1.800
1790509972.841,5.855,1.197,0.000,0.000,4.055,1.197,0.000,0.000,1.800,-1.800
1790509972.941,5.855,1.197,0.000,0.000,4.055,1.197,0.000,0.000,1.800,-1.800
1790509973.041,5.855,1.197,0.000,0.000,4.055,1.197,0.000,0.000,1.800,-1.800
1790509973.141,5.855,1.197,0.000,0.000,4.055,1.197,0.000,0.000,1.800,-1.800
1790509973.241,5.855,1.197,0.000,0.000,4.055,1.197,0.000,0.000,1.800,-1.800
1790509973.341,5.855,1.197,0.000,0.000,4.055,1.197,0.000,0.000,1.800,-1.800
1790509973.441,5.855,1.197,0.000,0.000,4.055,1.197,0.000,0.000,1.800,-1.800
1790509973.541,5.855,1.197,0.000,0.000,4.055,1.197,0.000,0.000,1.800,-1.800
1790509973.641,5.855,1.197,0.000,0.000,4.055,1.197,0.000,0.000,1.800,-1.800
1790509973.741,5.855,1.197,0.000,0.000,4.055,1.197,0.000,0.000,1.800,-1.800
1790509973.841,5.855,1.197,0.000,0.000,4.055,1.197,0.000,0.000,1.800,-1.800
1790509973.941,5.855,1.197,0.000,0.000,4.055,1.197,0.000,0.000,1.800,-1.800
1790509974.041,5.855,1.197,0.000,0.000,4.055,1.197,0.000,0.000,1.800,-1.800
1790509974.141,5.855,1.197,0.000,0.000,4.055,1.197,0.000,0.000,1.800,-1.800
1790509974.241,5.855,1.197,0.000,0.000,4.055,1.197,0.000,0.000,1.800,-1.800
1790509974.341,5.855,1.197,0.000,0.000,4.055,1.197,0.000,0.000,1.800,-1.800
1790509974.441,5.855,1.197,0.000,0.000,4.055,1.197,0.000,0.000,1.800,-1.800
1790509974.541,5.855,1.197,0.000,0.000,4.055,1.197,0.000,0.000,1.800,-1.800
1790509974.641,5.855,1.197,0.000,0.000,4.055,1.197,0.000,0.000,1.800,-1.800
1790509974.741,5.855,1.197,0.000,0.000,4.055,1.197,0.000,0.000,1.800,-1.800
1790509974.842,5.855,1.197,0.000,0.000,4.055,1.197,0.000,0.000,1.800,-1.800
1790509974.941,5.855,1.197,0.000,0.000,4.055,1.197,0.000,0.000,1.800,-1.800
1790509975.042,5.855,1.197,0.000,0.000,4.055,1.197,0.000,0.000,1.800,-1.800
1790509975.141,5.855,1.197,0.000,0.000,4.055,1.197,0.000,0.000,1.800,-1.800
1790509975.242,5.855,1.197,0.000,0.000,4.055,1.197,0.000,0.000,1.800,-1.800
1790509975.341,5.855,1.197,0.000,0.000,4.055,1.197,0.000,0.000,1.800,-1.800
1790509975.441,5.855,1.197,0.000,0.000,4.055,1.197,0.000,0.000,1.800,-1.800
1790509975.541,5.855,1.197,0.000,0.000,4.055,1.197,0.000,0.000,1.800,-1.800
1790509975.641,5.855,1.197,0.000,0.000,4.055,1.197,0.000,0.000,1.800,-1.800
1790509975.741,5.855,1.197,0.000,0.000,4.055,1.197,0.000,0.000,1.800,-1.800
1790509975.841,5.855,1.197,0.000,0.000,4.055,1.197,0.000,0.000,1.800,-1.800
1790509975.941,5.855,1.197,0.000,0.000,4.055,1.197,0.000,0.000,1.800,-1.800
1790509976.041,5.855,1.197,0.000,0.000,4.055,1.197,0.000,0.000,1.800,-1.800
1790509976.141,5.855,1.197,0.000,0.000,4.055,1.197,0.000,0.000,1.800,-1.800
1790509976.241,5.855,1.197,0.000,0.000,4.055,1.197,0.000,0.000,1.800,-1.800
1790509976.341,5.855,1.197,0.000,0.000,4.055,1.197,0.000,0.000,1.800,-1.800
1790509976.441,5.855,1.197,0.000,0.000,4.055,1.197,0.000,0.000,1.800,-1.800
1790509976.541,5.855,1.197,0.000,0.000,4.055,1.197,0.000,0.000,1.800,-1.800
1790509976.641,5.855,1.197,0.000,0.000,4.055,1.197,0.000,0.000,1.800,-1.800
1790509976.741,5.855,1.197,0.000,0.000,4.055,1.197,0.000,0.000,1.800,-1.800
1790509976.841,5.855,1.197,0.000,0.000,4.055,1.197,0.000,0.000,1.800,-1.800
1790509976.941,5.855,1.197,0.000,0.000,4.055,1.197,0.000,0.000,1.800,-1.800
1790509977.041,5.855,1.197,0.000,0.000,4.055,1.197,0.000,0.000,1.800,-1.800
1790509977.141,5.855,1.197,0.000,0.000,4.055,1.197,0.000,0.000,1.800,-1.800
1790509977.241,5.855,1.197,0.000,0.000,4.055,1.197,0.000,0.000,1.800,-1.800
1790509977.342,5.855,1.197,0.000,0.000,4.055,1.197,0.000,0.000,1.800,-1.800
1790509977.441,5.855,1.197,0.000,0.000,4.055,1.197,0.000,0.000,1.800,-1.800
1790509977.541,5.855,1.197,0.000,0.000,4.055,1.197,0.000,0.000,1.800,-1.800
1790509977.641,5.855,1.197,0.000,0.000,4.055,1.197,0.000,0.000,1.800,-1.800
1790509977.741,5.855,1.197,0.000,0.000,4.055,1.197,0.000,0.000,1.800,-1.800
1790509977.841,5.855,1.197,0.000,0.000,4.055,1.197,0.000,0.000,1.800,-1.800
1790509977.941,5.855,1.197,0.000,0.000,4.055,1.197,0.000,0.000,1.800,-1.800
1790509978.041,5.855,1.197,0.000,0.000,4.055,1.197,0.000,0.000,1.800,-1.800
1790509978.141,5.855,1.197,0.000,0.000,4.055,1.197,0.000,0.000,1.800,-1.800
1790509978.242,5.855,1.197,0.000,0.000,4.055,1.197,0.000,0.000,1.800,-1.800
1790509978.341,5.855,1.197,0.000,0.000,4.055,1.197,0.000,0.000,1.800,-1.800
1790509978.441,5.855,1.197,0.000,0.000,4.055,1.197,0.000,0.000,1.800,-1.800
1790509978.541,5.855,1.197,0.000,0.000,4.055,1.197,0.000,0.000,1.800,-1.800
1790509978.641,5.855,1.197,0.000,0.000,4.055,1.197,0.000,0.000,1.800,-1.800
1790509978.741,5.855,1.197,0.000,0.000,4.055,1.197,0.000,0.000,1.800,-1.800
1790509978.841,5.855,1.197,0.000,0.000,4.055,1.197,0.000,0.000,1.800,-1.800
1790509978.941,5.855,1.197,0.000,0.000,4.055,1.197,0.000,0.000,1.800,-1.800
1790509979.041,5.855,1.197,0.000,0.000,4.055,1.197,0.000,0.000,1.800,-1.800
1790509979.141,5.855,1.197,0.000,0.000,4.055,1.197,0.000,0.000,1.800,-1.800
1790509979.241,5.855,1.197,0.000,0.000,4.055,1.197,0.000,0.000,1.800,-1.800
1790509979.341,5.855,1.197,0.000,0.000,4.055,1.197,0.000,0.000,1.800,-1.800
1790509979.441,5.855,1.197,0.000,0.000,4.055,1.197,0.000,0.000,1.800,-1.800
1790509979.541,5.855,1.197,0.000,0.000,4.055,1.197,0.000,0.000,1.800,-1.800
1790509979.641,5.855,1.197,0.000,0.000,4.055,1.197,0.000,0.000,1.800,-1.800
1790509979.741,5.855,1.197,0.000,0.000,4.055,1.197,0.000,0.000,1.800,-1.800
1790509979.841,5.855,1.197,0.000,0.000,4.055,1.197,0.000,0.000,1.800,-1.800
1790509979.941,5.855,1.197,0.000,0.000,4.055,1.197,0.000,0.000,1.800,-1.800
1790509980.041,5.855,1.197,0.000,0.000,4.055,1.197,0.000,0.000,1.800,-1.800
1790509980.141,5.855,1.197,0.000,0.000,4.055,1.197,0.000,0.000,1.800,-1.800
1790509980.241,5.855,1.197,0.000,0.000,4.055,1.197,0.000,0.000,1.800,-1.800
1790509980.341,5.855,1.197,0.000,0.000,4.055,1.197,0.000,0.000,1.800,-1.800
1790509980.441,5.855,1.197,0.000,0.000,4.055,1.197,0.000,0.000,1.800,-1.800
1790509980.541,5.855,1.197,0.000,0.000,4.055,1.197,0.000,0.000,1.800,-1.800
1790509980.641,5.855,1.197,0.000,0.000,4.055,1.197,0.000,0.000,1.800,-1.800
1790509980.741,5.855,1.197,0.000,0.000,4.055,1.197,0.000,0.000,1.800,-1.800
1790509980.841,5.855,1.197,0.000,0.000,4.055,1.197,0.000,0.000,1.800,-1.800
1790509980.942,5.855,1.197,0.000,0.000,4.055,1.197,0.000,0.000,1.800,-1.800
1790509981.041,5.855,1.197,0.000,0.000,4.055,1.197,0.000,0.000,1.800,-1.800
1790509981.142,5.855,1.197,0.000,0.000,4.055,1.197,0.000,0.000,1.800,-1.800
1790509981.241,5.855,1.197,0.000,0.000,4.055,1.197,0.000,0.000,1.800,-1.800
1790509981.341,5.855,1.197,0.000,0.000,4.055,1.197,0.000,0.000,1.800,-1.800
1790509981.441,5.855,1.197,0.000,0.000,4.055,1.197,0.000,0.000,1.800,-1.800
1790509981.541,5.855,1.197,0.000,0.000,4.055,1.197,0.000,0.000,1.800,-1.800
1790509981.641,5.855,1.197,0.000,0.000,4.055,1.197,0.000,0.000,1.800,-1.800
1790509981.741,5.855,1.197,0.000,0.000,4.055,1.197,0.000,0.000,1.800,-1.800
1790509981.841,5.855,1.197,0.000,0.000,4.055,1.197,0.000,0.000,1.800,-1.800
1790509981.941,5.855,1.197,0.000,0.000,4.055,1.197,0.000,0.000,1.800,-1.800
1790509982.041,5.855,1.197,0.000,0.000,4.055,1.197,0.000,0.000,1.800,-1.800
1790509982.141,5.855,1.197,0.000,0.000,4.055,1.197,0.000,0.000,1.800,-1.800
1790509982.241,5.855,1.197,0.000,0.000,4.055,1.197,0.000,0.000,1.800,-1.800
1790509982.341,5.855,1.197,0.000,0.000,4.055,1.197,0.000,0.000,1.800,-1.800
1790509982.441,5.855,1.197,0.000,0.000,4.055,1.197,0.000,0.000,1.800,-1.800
1790509982.541,5.855,1.197,0.000,0.000,4.055,1.197,0.000,0.000,1.800,-1.800
1790509982.641,5.855,1.197,0.000,0.000,4.055,1.197,0.000,0.000,1.800,-1.800
1790509982.741,5.855,1.197,0.000,0.000,4.055,1.197,0.000,0.000,1.800,-1.800
1790509982.841,5.855,1.197,0.000,0.000,4.055,1.197,0.000,0.000,1.800,-1.800
1790509982.941,5.855,1.197,0.000,0.000,4.055,1.197,0.000,0.000,1.800,-1.800
1790509983.042,5.855,1.197,0.000,0.000,4.055,1.197,0.000,0.000,1.800,-1.800
1790509983.142,5.855,1.197,0.000,0.000,4.055,1.197,0.000,0.000,1.800,-1.800
1790509983.241,5.855,1.197,0.000,0.000,4.055,1.197,0.000,0.000,1.800,-1.800
1790509983.341,5.855,1.197,0.000,0.000,4.055,1.197,0.000,0.000,1.800,-1.800
1790509983.441,5.855,1.197,0.000,0.000,4.055,1.197,0.000,0.000,1.800,-1.800
1790509983.541,5.855,1.197,0.000,0.000,4.055,1.197,0.000,0.000,1.800,-1.800
1790509983.642,5.855,1.197,0.000,0.000,4.055,1.197,0.000,0.000,1.800,-1.800
1790509983.741,5.855,1.197,0.000,0.000,4.055,1.197,0.000,0.000,1.800,-1.800
1790509983.841,5.855,1.197,0.000,0.000,4.055,1.197,0.000,0.000,1.800,-1.800
1790509983.941,5.855,1.197,0.000,0.000,4.055,1.197,0.000,0.000,1.800,-1.800
1790509984.041,5.855,1.197,0.000,0.000,4.055,1.197,0.000,0.000,1.800,-1.800
1790509984.141,5.855,1.197,0.000,0.000,4.055,1.197,0.000,0.000,1.800,-1.800
1790509984.241,5.855,1.197,0.000,0.000,4.055,1.197,0.000,0.000,1.800,-1.800
1790509984.341,5.855,1.197,0.000,0.000,4.055,1.197,0.000,0.000,1.800,-1.800
1790509984.441,5.855,1.197,0.000,0.000,4.055,1.197,0.000,0.000,1.800,-1.800
1790509984.541,5.855,1.197,0.000,0.000,4.055,1.197,0.000,0.000,1.800,-1.800
1790509984.641,5.855,1.197,0.000,0.000,4.055,1.197,0.000,0.000,1.800,-1.800
1790509984.741,5.855,1.197,0.000,0.000,4.055,1.197,0.000,0.000,1.800,-1.800
1790509984.841,5.855,1.197,0.000,0.000,4.055,1.197,0.000,0.000,1.800,-1.800
1790509984.941,5.855,1.197,0.000,0.000,4.055,1.197,0.000,0.000,1.800,-1.800
1790509985.041,5.855,1.197,0.000,0.000,4.055,1.197,0.000,0.000,1.800,-1.800
1790509985.141,5.855,1.197,0.000,0.000,4.055,1.197,0.000,0.000,1.800,-1.800
1790509985.241,5.855,1.197,0.000,0.000,4.055,1.197,0.000,0.000,1.800,-1.800
1790509985.341,5.855,1.197,0.000,0.000,4.055,1.197,0.000,0.000,1.800,-1.800
1790509985.441,5.855,1.197,0.000,0.000,4.055,1.197,0.000,0.000,1.800,-1.800
1790509985.541,5.855,1.197,0.000,0.000,4.055,1.197,0.000,0.000,1.800,-1.800
1790509985.642,5.855,1.197,0.000,0.000,4.055,1.197,0.000,0.000,1.800,-1.800
1790509985.741,5.855,1.197,0.000,0.000,4.055,1.197,0.000,0.000,1.800,-1.800
1790509985.841,5.861,1.197,0.000,0.136,4.056,1.197,-0.000,0.020,1.805,-1.805
1790509985.941,5.888,1.197,0.000,0.376,4.076,1.197,-0.012,0.262,1.812,-1.812
1790509986.041,5.939,1.197,0.000,0.616,4.120,1.196,-0.036,0.526,1.819,-1.819
1790509986.141,6.013,1.197,0.000,0.856,4.186,1.192,-0.065,0.743,1.827,-1.827
1790509986.241,6.112,1.197,0.000,1.096,4.278,1.185,-0.074,1.006,1.835,-1.835
1790509986.341,6.235,1.197,0.000,1.335,4.392,1.180,-0.020,1.223,1.842,-1.842
1790509986.441,6.382,1.197,0.000,1.576,4.532,1.183,0.046,1.463,1.849,-1.849
1790509986.541,6.552,1.197,0.000,1.811,4.694,1.195,0.101,1.727,1.858,-1.858
1790509986.641,6.744,1.197,0.000,1.997,4.879,1.221,0.165,1.942,1.865,-1.865
1790509986.741,6.952,1.197,0.000,2.136,5.083,1.253,0.144,2.116,1.869,-1.868
1790509986.841,7.171,1.197,0.000,2.240,5.309,1.272,0.028,2.354,1.863,-1.862
1790509986.941,7.400,1.197,0.000,2.318,5.555,1.259,-0.112,2.517,1.846,-1.845
1790509987.042,7.635,1.197,0.000,2.376,5.812,1.214,-0.219,2.628,1.823,-1.823
1790509987.141,7.875,1.197,0.012,2.420,6.070,1.145,-0.304,2.722,1.806,-1.805
1790509987.241,8.119,1.212,0.113,2.453,6.337,1.064,-0.276,2.792,1.788,-1.782
1790509987.341,8.360,1.260,0.275,2.477,6.609,0.993,-0.254,2.848,1.771,-1.761
1790509987.441,8.585,1.365,0.582,2.491,6.887,0.918,-0.266,2.883,1.756,-1.745
1790509987.541,8.763,1.537,0.917,2.491,7.166,0.838,-0.282,2.915,1.743,-1.734
1790509987.641,8.875,1.758,1.252,2.491,7.446,0.764,-0.224,2.877,1.741,-1.722
1790509987.742,8.909,2.004,1.586,2.491,7.715,0.718,-0.124,2.584,1.754,-1.715
1790509987.842,8.860,2.247,1.921,2.491,7.946,0.705,0.006,2.198,1.792,-1.729
1790509987.941,8.733,2.461,2.257,2.491,8.157,0.732,0.245,2.139,1.822,-1.768
1790509988.041,8.544,2.620,2.590,2.491,8.359,0.817,0.507,2.216,1.813,-1.827
1790509988.141,8.321,2.709,2.896,2.303,8.533,0.946,0.751,2.133,1.776,-1.893
1790509988.241,8.104,2.736,3.090,2.129,8.660,1.104,1.025,1.970,1.724,-1.966
1790509988.341,7.889,2.749,3.056,2.204,8.735,1.283,1.291,1.947,1.692,-2.111
1790509988.441,7.666,2.784,2.888,2.291,8.757,1.476,1.596,1.947,1.703,-2.174
1790509988.541,7.453,2.877,2.604,2.356,8.722,1.662,1.889,1.862,1.757,-2.208
1790509988.641,7.272,3.028,2.315,2.355,8.645,1.829,2.081,1.853,1.822,-2.236
1790509988.741,7.145,3.219,2.028,2.292,8.540,1.987,2.236,1.976,1.861,-2.115
1790509988.841,7.079,3.439,1.721,2.317,8.390,2.138,2.433,2.215,1.847,-1.760
1790509988.941,7.088,3.670,1.376,2.319,8.199,2.273,2.607,2.396,1.785,-1.558
1790509989.041,7.176,3.883,1.017,2.319,7.976,2.385,2.726,2.560,1.698,-1.524
1790509989.141,7.333,4.052,0.657,2.319,7.740,2.482,2.771,2.461,1.622,-1.582
1790509989.241,7.541,4.154,0.297,2.319,7.521,2.574,2.711,2.358,1.580,-1.427
1790509989.342,7.763,4.178,-0.048,2.171,7.329,2.679,2.582,2.072,1.560,-1.419
1790509989.441,7.963,4.140,-0.280,1.959,7.174,2.799,2.402,1.984,1.556,-1.499
1790509989.541,8.148,4.077,-0.358,2.022,7.039,2.956,2.178,2.145,1.576,-1.513
1790509989.641,8.344,4.001,-0.357,2.155,6.941,3.159,1.906,2.337,1.637,-1.575
1790509989.742,8.554,3.932,-0.273,2.226,6.893,3.393,1.669,2.331,1.746,-1.612
1790509989.841,8.771,3.888,-0.137,2.216,6.897,3.606,1.448,2.028,1.895,-1.692
1790509989.941,8.995,3.874,-0.001,2.254,6.941,3.779,1.209,1.660,2.056,-1.778
1790509990.041,9.214,3.896,0.196,2.160,7.006,3.901,0.969,1.293,2.208,-1.829
1790509990.141,9.413,3.966,0.456,2.056,7.087,3.993,0.758,1.220,2.326,-1.948
1790509990.241,9.574,4.074,0.706,1.880,7.191,4.072,0.570,1.386,2.383,-2.015
1790509990.341,9.696,4.216,0.993,1.895,7.331,4.140,0.366,1.648,2.366,-1.989
1790509990.441,9.770,4.389,1.310,1.880,7.504,4.185,0.159,1.865,2.275,-1.957
1790509990.541,9.789,4.579,1.602,1.935,7.706,4.191,-0.064,2.105,2.118,-1.940
1790509990.641,9.756,4.765,1.863,1.838,7.931,4.155,-0.230,2.328,1.925,-1.856
1790509990.741,9.676,4.932,2.146,1.887,8.167,4.093,-0.265,2.511,1.726,-1.709
1790509990.841,9.550,5.072,2.419,1.878,8.418,4.030,-0.227,2.624,1.538,-1.612
1790509990.941,9.401,5.180,2.565,1.766,8.684,3.984,-0.126,2.718,1.395,-1.494
1790509991.041,9.262,5.265,2.613,1.539,8.958,3.969,0.002,2.733,1.331,-1.397
1790509991.141,9.131,5.338,2.659,1.482,9.216,3.998,0.212,2.516,1.343,-1.348
1790509991.241,9.000,5.402,2.703,1.434,9.426,4.074,0.466,2.062,1.395,-1.284
1790509991.341,8.873,5.458,2.746,1.367,9.568,4.168,0.684,1.566,1.466,-1.329
1790509991.441,8.748,5.507,2.787,1.306,9.670,4.275,0.927,1.462,1.538,-1.410
1790509991.541,8.621,5.551,2.828,1.404,9.742,4.410,1.192,1.611,1.600,-1.487
1790509991.641,8.483,5.592,2.883,1.450,9.779,4.580,1.488,1.809,1.645,-1.508
1790509991.741,8.346,5.621,2.969,1.350,9.766,4.757,1.776,1.759,1.662,-1.520
1790509991.841,8.215,5.638,3.050,1.302,9.706,4.919,2.055,1.750,1.655,-1.546
1790509991.941,8.079,5.645,3.121,1.448,9.597,5.060,2.370,1.774,1.627,-1.562
1790509992.041,7.921,5.644,-3.128,1.688,9.453,5.161,2.648,1.781,1.607,-1.592
1790509992.141,7.740,5.642,-3.128,1.905,9.286,5.224,2.894,1.778,1.602,-1.654
1790509992.241,7.540,5.639,-3.128,2.067,9.112,5.253,3.059,1.773,1.619,-1.703
1790509992.341,7.326,5.637,-3.128,2.189,8.935,5.255,-3.110,1.766,1.653,-1.771
1790509992.441,7.102,5.634,-3.128,2.280,8.756,5.249,-3.098,1.814,1.698,-1.736
1790509992.541,6.870,5.631,-3.128,2.348,8.559,5.244,-3.124,2.039,1.732,-1.730
1790509992.641,6.633,5.627,-3.128,2.399,8.339,5.253,3.055,2.273,1.747,-1.748
1790509992.741,6.391,5.624,-3.128,2.437,8.102,5.292,2.933,2.471,1.743,-1.741
1790509992.841,6.145,5.627,3.098,2.465,7.857,5.360,2.819,2.604,1.732,-1.721
1790509992.941,5.899,5.647,3.035,2.487,7.607,5.455,2.751,2.695,1.719,-1.713
1790509993.041,5.660,5.673,3.035,2.265,7.352,5.559,2.758,2.778,1.695,-1.694
1790509993.141,5.443,5.696,3.035,2.135,7.087,5.653,2.823,2.834,1.645,-1.645
1790509993.241,5.237,5.718,3.035,1.991,6.814,5.740,2.828,2.876,1.577,-1.575
1790509993.341,5.053,5.738,3.035,1.783,6.551,5.843,2.707,2.753,1.502,-1.494
1790509993.441,4.886,5.756,3.035,1.573,6.361,5.913,2.867,1.659,1.484,-1.469
1790509993.541,4.741,5.770,3.054,1.349,6.232,5.934,3.038,1.145,1.500,-1.482
1790509993.641,4.622,5.780,3.075,1.095,6.137,5.946,2.990,0.858,1.524,-1.504
1790509993.741,4.519,5.785,3.092,0.983,6.071,5.956,2.978,0.575,1.562,-1.538
1790509993.841,4.422,5.789,3.108,0.993,6.026,5.962,2.998,0.394,1.614,-1.590
1790509993.941,4.318,5.792,3.126,1.051,5.992,5.966,3.016,0.342,1.684,-1.660
1790509994.041,4.217,5.792,-3.140,0.981,5.951,5.971,3.034,0.458,1.743,-1.719
1790509994.141,4.116,5.791,-3.123,1.050,5.901,5.976,3.045,0.509,1.795,-1.771
1790509994.241,4.007,5.788,-3.105,1.117,5.838,5.980,3.109,0.728,1.841,-1.816
1790509994.341,3.886,5.783,-3.085,1.312,5.752,5.976,-3.052,0.968,1.876,-1.851
1790509994.441,3.742,5.773,-3.069,1.540,5.641,5.962,-2.983,1.208,1.908,-1.888
1790509994.541,3.575,5.761,-3.069,1.769,5.508,5.940,-2.977,1.448,1.941,-1.926
1790509994.641,3.392,5.747,-3.069,1.884,5.349,5.915,-3.000,1.688,1.964,-1.952
1790509994.741,3.198,5.733,-3.069,1.995,5.169,5.893,-3.037,1.928,1.978,-1.969
1790509994.841,2.998,5.718,-3.069,1.998,4.961,5.876,-3.076,2.143,1.970,-1.962
1790509994.942,2.793,5.703,-3.069,2.120,4.729,5.865,-3.104,2.377,1.944,-1.939
1790509995.041,2.575,5.687,-3.069,2.228,4.487,5.857,-3.102,2.415,1.920,-1.916
1790509995.141,2.348,5.670,-3.058,2.309,4.276,5.851,-3.137,1.923,1.936,-1.932
1790509995.241,2.115,5.642,-2.986,2.370,4.116,5.853,3.119,1.408,2.012,-2.007
1790509995.341,1.880,5.595,-2.913,2.415,3.989,5.854,-3.128,1.217,2.125,-2.122
1790509995.441,1.646,5.530,-2.839,2.449,3.867,5.847,-3.054,1.260,2.244,-2.250
1790509995.541,1.414,5.447,-2.764,2.475,3.730,5.831,-3.009,1.447,2.348,-2.359
1790509995.641,1.188,5.345,-2.667,2.493,3.576,5.807,-2.973,1.638,2.433,-2.459
1790509995.741,0.976,5.213,-2.514,2.488,3.400,5.776,-2.961,1.884,2.489,-2.516
1790509995.841,0.797,5.052,-2.311,2.292,3.200,5.738,-2.948,2.094,2.498,-2.520
1790509995.941,0.675,4.886,-2.117,1.871,2.980,5.694,-2.943,2.319,2.442,-2.442
1790509996.041,0.601,4.736,-1.961,1.541,2.739,5.649,-2.972,2.505,2.325,-2.353
1790509996.141,0.555,4.598,-1.838,1.399,2.484,5.609,-2.993,2.619,2.178,-2.216
1790509996.241,0.526,4.468,-1.756,1.309,2.218,5.572,-3.014,2.723,2.020,-2.066
1790509996.341,0.505,4.334,-1.705,1.388,1.943,5.543,-3.055,2.792,1.879,-1.919
1790509996.441,0.489,4.191,-1.662,1.502,1.661,5.522,-3.077,2.840,1.773,-1.767
1790509996.542,0.479,4.028,-1.613,1.733,1.373,5.501,-3.055,2.880,1.723,-1.646
1790509996.641,0.477,3.843,-1.557,1.939,1.090,5.453,-2.894,2.850,1.723,-1.598
1790509996.741,0.483,3.641,-1.542,2.092,0.841,5.346,-2.604,2.710,1.742,-1.592
1790509996.841,0.489,3.425,-1.542,2.207,0.636,5.170,-2.295,2.710,1.751,-1.615
1790509996.941,0.495,3.199,-1.542,2.294,0.495,4.941,-1.988,2.710,1.742,-1.673
1790509997.041,0.502,2.966,-1.542,2.358,0.429,4.679,-1.680,2.710,1.715,-1.663
1790509997.141,0.514,2.728,-1.487,2.406,0.445,4.408,-1.370,2.710,1.681,-1.653
1790509997.241,0.545,2.488,-1.393,2.443,0.539,4.154,-1.113,2.756,1.666,-1.638
1790509997.341,0.608,2.251,-1.244,2.470,0.668,3.905,-1.082,2.812,1.656,-1.613
1790509997.441,0.707,2.023,-1.092,2.490,0.791,3.649,-1.133,2.833,1.629,-1.562
1790509997.541,0.840,1.812,-0.940,2.505,0.900,3.390,-1.215,2.785,1.579,-1.534
1790509997.641,1.006,1.622,-0.786,2.516,0.985,3.133,-1.281,2.696,1.511,-1.478
1790509997.741,1.197,1.460,-0.633,2.509,1.055,2.887,-1.304,2.421,1.434,-1.464
1790509997.841,1.407,1.332,-0.482,2.411,1.116,2.666,-1.300,2.243,1.366,-1.455
1790509997.941,1.629,1.237,-0.334,2.439,1.186,2.454,-1.207,2.243,1.295,-1.471
1790509998.041,1.867,1.176,-0.185,2.467,1.286,2.253,-1.029,2.318,1.223,-1.430
1790509998.141,2.113,1.151,-0.033,2.488,1.436,2.060,-0.808,2.474,1.133,-1.422
1790509998.241,2.363,1.158,0.062,2.504,1.641,1.904,-0.542,2.618,1.039,-1.219
1790509998.341,2.613,1.177,0.080,2.515,1.886,1.797,-0.305,2.706,0.956,-0.858
1790509998.441,2.864,1.198,0.080,2.524,2.158,1.748,-0.072,2.779,0.895,-0.708
1790509998.541,3.116,1.218,0.080,2.531,2.436,1.753,0.059,2.838,0.865,-0.680
1790509998.641,3.369,1.232,0.022,2.535,2.711,1.767,0.032,2.616,0.848,-0.658
1790509998.741,3.623,1.226,-0.056,2.539,2.941,1.768,-0.017,2.105,0.870,-0.681
1790509998.841,3.876,1.202,-0.113,2.542,3.108,1.763,-0.036,1.484,0.950,-0.768
1790509998.942,4.128,1.175,-0.092,2.544,3.242,1.757,-0.047,1.267,1.061,-0.886
1790509999.041,4.383,1.162,-0.014,2.545,3.369,1.750,-0.069,1.311,1.172,-1.015
1790509999.142,4.637,1.169,0.052,2.547,3.516,1.738,-0.094,1.536,1.257,-1.121
1790509999.241,4.892,1.183,0.052,2.547,3.684,1.719,-0.124,1.800,1.322,-1.208
1790509999.341,5.146,1.196,0.052,2.548,3.876,1.691,-0.167,2.004,1.363,-1.270
1790509999.441,5.401,1.209,0.052,2.549,4.080,1.638,-0.313,2.177,1.388,-1.321
1790509999.541,5.655,1.222,0.052,2.549,4.283,1.570,-0.319,1.973,1.415,-1.372
1790509999.641,5.910,1.235,0.052,2.549,4.437,1.522,-0.277,1.401,1.500,-1.473
1790509999.741,6.164,1.247,0.030,2.549,4.556,1.493,-0.213,1.160,1.626,-1.608
1790509999.841,6.419,1.244,-0.048,2.550,4.671,1.472,-0.157,1.205,1.763,-1.748
1790509999.941,6.673,1.222,-0.113,2.550,4.803,1.453,-0.132,1.430,1.884,-1.870
1790510000.042,6.926,1.193,-0.113,2.550,4.960,1.434,-0.118,1.670,1.981,-1.966
1790510000.141,7.179,1.164,-0.101,2.550,5.140,1.412,-0.120,1.887,2.054,-2.039
1790510000.241,7.434,1.150,-0.023,2.550,5.344,1.387,-0.116,2.127,2.103,-2.089
1790510000.341,7.689,1.155,0.055,2.550,5.570,1.363,-0.101,2.364,2.129,-2.119
1790510000.441,7.943,1.179,0.133,2.550,5.818,1.340,-0.084,2.524,2.131,-2.125
1790510000.541,8.193,1.224,0.210,2.533,6.075,1.317,-0.106,2.634,2.120,-2.120
1790510000.641,8.433,1.286,0.298,2.430,6.343,1.280,-0.166,2.726,2.090,-2.105
1790510000.741,8.653,1.388,0.566,2.445,6.613,1.216,-0.272,2.800,2.048,-2.093
1790510000.841,8.832,1.554,0.898,2.447,6.884,1.133,-0.318,2.846,1.993,-2.071
1790510000.941,8.946,1.770,1.240,2.447,7.152,1.041,-0.344,2.888,1.936,-2.043
1790510001.041,8.981,2.011,1.580,2.447,7.430,0.945,-0.314,2.914,1.882,-1.990
1790510001.141,8.934,2.249,1.920,2.447,7.715,0.880,-0.156,2.935,1.833,-1.934
1790510001.241,8.809,2.458,2.261,2.447,8.007,0.870,0.064,2.937,1.779,-1.850
1790510001.341,8.622,2.614,2.601,2.447,8.291,0.921,0.263,2.826,1.725,-1.819
1790510001.441,8.394,2.699,2.921,2.372,8.539,1.005,0.370,2.484,1.700,-1.803
1790510001.541,8.167,2.728,3.067,2.271,8.746,1.098,0.474,2.152,1.730,-1.855
1790510001.641,7.937,2.745,3.046,2.339,8.921,1.211,0.671,2.058,1.823,-2.013
1790510001.741,7.705,2.792,2.846,2.392,9.050,1.364,1.042,1.969,1.962,-2.063
1790510001.841,7.485,2.890,2.606,2.424,9.111,1.543,1.403,1.867,2.111,-2.164
1790510001.941,7.301,3.044,2.312,2.385,9.107,1.727,1.749,1.848,2.235,-2.236
1790510002.041,7.173,3.237,2.027,2.248,9.044,1.901,2.046,1.859,2.299,-2.306
1790510002.141,7.108,3.447,1.738,2.192,8.933,2.055,2.322,1.917,2.296,-2.326
1790510002.241,7.114,3.664,1.375,2.187,8.777,2.184,2.548,2.127,2.226,-2.295
1790510002.341,7.200,3.864,0.994,2.187,8.577,2.288,2.744,2.328,2.093,-2.209
1790510002.441,7.354,4.018,0.612,2.187,8.348,2.368,2.847,2.497,1.926,-2.035
1790510002.541,7.553,4.103,0.239,2.144,8.100,2.435,2.895,2.624,1.756,-1.910
1790510002.641,7.750,4.118,-0.044,1.857,7.841,2.507,2.840,2.689,1.613,-1.922
1790510002.741,7.930,4.097,-0.159,1.815,7.602,2.600,2.723,2.513,1.533,-1.836
1790510002.841,8.116,4.061,-0.217,1.979,7.397,2.707,2.594,2.197,1.533,-1.808
1790510002.941,8.318,4.013,-0.232,2.123,7.236,2.830,2.410,1.976,1.604,-1.855
1790510003.041,8.530,3.964,-0.213,2.230,7.103,2.979,2.201,2.060,1.735,-1.899
1790510003.141,8.754,3.925,-0.144,2.310,7.000,3.172,1.950,2.251,1.909,-1.973
1790510003.241,8.987,3.907,0.002,2.346,6.941,3.391,1.741,2.233,2.110,-1.986
1790510003.341,9.218,3.935,0.227,2.286,6.931,3.599,1.499,2.001,2.311,-2.011
1790510003.441,9.421,4.015,0.497,2.116,6.972,3.773,1.197,1.656,2.460,-2.139
1790510003.541,9.585,4.136,0.759,2.015,7.035,3.888,0.967,1.168,2.562,-2.183
1790510003.641,9.704,4.295,1.064,1.987,7.104,3.970,0.789,1.032,2.620,-2.190
1790510003.741,9.771,4.484,1.370,2.012,7.186,4.039,0.629,1.154,2.622,-2.246
1790510003.841,9.777,4.682,1.675,1.982,7.298,4.105,0.452,1.394,2.545,-2.327
1790510003.941,9.723,4.874,1.997,2.001,7.443,4.157,0.262,1.634,2.390,-2.340
1790510004.041,9.609,5.033,2.342,1.957,7.618,4.187,0.101,1.850,2.163,-2.344
1790510004.141,9.455,5.155,2.547,1.902,7.821,4.189,-0.070,2.090,1.898,-2.305
1790510004.241,9.311,5.247,2.592,1.591,8.042,4.156,-0.207,2.316,1.673,-2.208
1790510004.342,9.177,5.325,2.636,1.537,8.282,4.098,-0.264,2.488,1.519,-2.107
1790510004.441,9.044,5.394,2.681,1.461,8.530,4.032,-0.249,2.628,1.456,-2.017
1790510004.541,8.914,5.455,2.724,1.410,8.792,3.976,-0.164,2.721,1.483,-1.917
1790510004.641,8.789,5.507,2.765,1.331,9.064,3.957,0.009,2.702,1.574,-1.878
1790510004.741,8.665,5.551,2.836,1.282,9.316,3.992,0.269,2.458,1.689,-1.804
1790510004.841,8.544,5.584,2.913,1.229,9.509,4.086,0.605,2.008,1.781,-1.742
1790510004.941,8.421,5.607,2.983,1.282,9.631,4.200,0.872,1.567,1.856,-1.805
1790510005.041,8.293,5.625,3.022,1.309,9.710,4.323,1.106,1.458,1.925,-1.879
1790510005.141,8.154,5.638,3.064,1.486,9.760,4.468,1.347,1.625,1.988,-1.922
1790510005.241,7.992,5.646,3.113,1.725,9.773,4.644,1.622,1.832,2.044,-1.944
1790510005.341,7.808,5.646,-3.124,1.933,9.736,4.819,1.912,1.774,2.098,-2.011
1790510005.441,7.606,5.643,-3.124,2.088,9.652,4.978,2.170,1.804,2.152,-2.104
1790510005.541,7.390,5.639,-3.124,2.204,9.532,5.114,2.399,1.830,2.205,-2.183
1790510005.641,7.164,5.635,-3.124,2.292,9.382,5.221,2.614,1.838,2.256,-2.277
1790510005.741,6.932,5.631,-3.124,2.356,9.216,5.296,2.808,1.829,2.308,-2.361
1790510005.841,6.693,5.627,-3.124,2.405,9.039,5.339,2.984,1.823,2.364,-2.436
1790510005.941,6.451,5.623,-3.136,2.442,8.857,5.356,3.082,1.818,2.421,-2.502
1790510006.041,6.206,5.632,3.073,2.469,8.668,5.372,3.048,1.984,2.476,-2.487
1790510006.141,5.960,5.659,3.008,2.475,8.457,5.397,3.006,2.198,2.511,-2.520
1790510006.241,5.716,5.691,3.008,2.383,8.226,5.431,2.989,2.400,2.523,-2.531
1790510006.341,5.504,5.719,3.018,1.963,7.975,5.469,2.993,2.563,2.484,-2.482
1790510006.441,5.328,5.736,3.073,1.646,7.716,5.504,3.018,2.673,2.400,-2.396
1790510006.541,5.169,5.742,3.122,1.538,7.444,5.530,3.075,2.755,2.285,-2.283
1790510006.641,5.019,5.744,3.133,1.486,7.165,5.534,-3.115,2.817,2.156,-2.153
1790510006.741,4.864,5.745,3.133,1.637,6.882,5.511,-3.014,2.863,2.031,-2.025
1790510006.842,4.687,5.747,3.133,1.810,6.597,5.457,-2.915,2.895,1.932,-1.921
1790510006.941,4.507,5.748,3.133,1.823,6.314,5.399,-2.955,2.921,1.841,-1.820
1790510007.041,4.326,5.750,3.133,1.795,6.022,5.358,-3.032,2.943,1.740,-1.720
1790510007.141,4.146,5.751,3.133,1.804,5.729,5.331,-3.069,2.957,1.638,-1.610
1790510007.241,3.968,5.753,3.133,1.768,5.433,5.308,-3.051,2.935,1.531,-1.482
1790510007.341,3.791,5.754,3.133,1.758,5.167,5.280,-3.018,2.483,1.456,-1.394
1790510007.441,3.618,5.755,-3.141,1.706,4.942,5.251,-3.017,2.181,1.416,-1.341
1790510007.541,3.447,5.753,-3.113,1.714,4.731,5.239,3.121,2.141,1.383,-1.287
1790510007.641,3.277,5.745,-3.084,1.707,4.520,5.264,2.996,1.969,1.333,-1.244
1790510007.741,3.100,5.732,-3.055,1.828,4.351,5.280,3.057,1.530,1.330,-1.252
1790510007.841,2.914,5.713,-3.033,1.886,4.238,5.287,3.083,0.956,1.390,-1.326
1790510007.941,2.719,5.692,-3.033,2.041,4.172,5.290,3.093,0.563,1.508,-1.457
1790510008.041,2.509,5.669,-3.033,2.169,4.133,5.292,3.098,0.322,1.667,-1.628
1790510008.141,2.288,5.644,-3.033,2.264,4.104,5.292,3.100,0.281,1.850,-1.821
1790510008.241,2.058,5.619,-3.033,2.337,4.071,5.292,3.097,0.359,2.039,-2.017
1790510008.341,1.824,5.588,-2.978,2.390,4.029,5.291,3.096,0.451,2.224,-2.215
1790510008.441,1.586,5.538,-2.903,2.431,3.979,5.291,3.095,0.511,2.406,-2.406
1790510008.541,1.355,5.466,-2.773,2.460,3.925,5.291,3.095,0.553,2.576,-2.591
1790510008.641,1.132,5.358,-2.622,2.483,3.866,5.292,3.096,0.588,2.735,-2.764
1790510008.741,0.928,5.217,-2.458,2.464,3.806,5.292,3.096,0.605,2.879,-2.933
1790510008.841,0.764,5.047,-2.239,2.240,3.744,5.292,3.097,0.619,2.990,-3.056
1790510008.941,0.658,4.879,-2.053,1.804,3.682,5.292,3.097,0.620,3.052,-3.144
1790510009.041,0.594,4.730,-1.919,1.501,3.619,5.292,3.098,0.628,3.076,-3.229
1790510009.141,0.552,4.594,-1.831,1.385,3.556,5.292,3.098,0.631,3.084,-3.290
1790510009.241,0.523,4.463,-1.749,1.316,3.492,5.292,3.098,0.638,3.082,-3.344
1790510009.341,0.504,4.330,-1.698,1.378,3.427,5.292,3.099,0.648,3.078,-3.409
1790510009.441,0.489,4.188,-1.655,1.482,3.353,5.295,3.080,0.793,3.071,-3.472
1790510009.541,0.480,4.028,-1.607,1.711,3.274,5.286,2.987,0.747,3.064,-3.542
1790510009.641,0.479,3.845,-1.552,1.922,3.192,5.279,2.896,0.832,3.070,-3.636
1790510009.741,0.485,3.644,-1.537,2.080,3.099,5.305,2.811,1.072,3.097,-3.745
1790510009.841,0.492,3.428,-1.537,2.198,2.987,5.340,2.745,1.222,3.143,-3.850
1790510009.941,0.500,3.204,-1.537,2.287,2.862,5.393,2.739,1.431,3.221,-3.949
1790510010.041,0.508,2.971,-1.537,2.353,2.711,5.448,2.839,1.695,3.315,-4.032
1790510010.142,0.517,2.734,-1.510,2.402,2.531,5.491,2.958,1.934,3.414,-4.078
1790510010.241,0.551,2.494,-1.362,2.440,2.340,5.516,3.046,1.860,3.512,-4.123
1790510010.342,0.621,2.259,-1.212,2.467,2.185,5.525,3.115,1.435,3.621,-4.188
1790510010.441,0.728,2.035,-1.060,2.488,2.048,5.525,-3.119,1.374,3.732,-4.257
1790510010.541,0.867,1.828,-0.908,2.504,1.905,5.519,-3.078,1.499,3.833,-4.336
1790510010.641,1.037,1.644,-0.755,2.515,1.744,5.503,-3.018,1.687,3.923,-4.372
1790510010.741,1.235,1.488,-0.601,2.521,1.566,5.473,-2.936,1.908,3.999,-4.431
1790510010.841,1.451,1.365,-0.449,2.457,1.369,5.419,-2.822,2.104,4.055,-4.467
1790510010.941,1.681,1.277,-0.299,2.480,1.171,5.335,-2.673,2.139,4.090,-4.495
1790510011.041,1.925,1.223,-0.146,2.498,0.992,5.220,-2.484,2.160,4.104,-4.549
1790510011.141,2.174,1.207,-0.015,2.511,0.834,5.063,-2.258,2.303,4.082,-4.604
1790510011.241,2.425,1.208,0.004,2.521,0.706,4.858,-2.022,2.478,4.035,-4.663
1790510011.341,2.678,1.209,0.004,2.528,0.624,4.616,-1.793,2.598,3.978,-4.677
1790510011.441,2.931,1.210,0.004,2.534,0.593,4.350,-1.612,2.708,3.915,-4.682
1790510011.541,3.184,1.211,0.004,2.538,0.589,4.076,-1.586,2.781,3.866,-4.665
1790510011.641,3.439,1.212,0.004,2.541,0.578,3.794,-1.633,2.831,3.854,-4.639
1790510011.741,3.693,1.213,0.004,2.543,0.555,3.509,-1.653,2.877,3.888,-4.609
1790510011.841,3.948,1.214,0.004,2.545,0.537,3.218,-1.613,2.906,3.956,-4.577
1790510011.941,4.202,1.215,0.004,2.546,0.539,2.926,-1.523,2.931,4.043,-4.541
1790510012.041,4.456,1.216,0.004,2.547,0.569,2.635,-1.425,2.947,4.138,-4.519
1790510012.141,4.711,1.217,0.004,2.548,0.630,2.346,-1.305,2.962,4.234,-4.484
1790510012.241,4.966,1.218,0.004,2.548,0.732,2.067,-1.153,2.971,4.319,-4.493
1790510012.341,5.220,1.219,0.004,2.549,0.879,1.809,-0.966,2.958,4.381,-4.468
1790510012.441,5.476,1.220,0.004,2.549,1.074,1.588,-0.750,2.945,4.417,-4.473
1790510012.541,5.730,1.221,0.004,2.549,1.312,1.421,-0.500,2.934,4.423,-4.453
1790510012.641,5.985,1.222,0.004,2.549,1.586,1.312,-0.294,2.952,4.400,-4.419
1790510012.741,6.240,1.223,0.004,2.550,1.876,1.250,-0.137,2.963,4.364,-4.370
1790510012.841,6.496,1.224,0.004,2.550,2.171,1.227,-0.038,2.972,4.325,-4.325
1790510012.941,6.750,1.225,0.004,2.550,2.470,1.220,-0.004,2.979,4.281,-4.281
1790510013.041,7.006,1.226,0.004,2.550,2.767,1.220,0.003,2.985,4.239,-4.239
1790510013.141,7.261,1.227,0.004,2.550,3.066,1.220,-0.003,2.988,4.195,-4.195
1790510013.241,7.515,1.228,0.004,2.550,3.365,1.216,-0.022,2.992,4.151,-4.151
1790510013.341,7.771,1.229,0.004,2.550,3.665,1.208,-0.032,2.994,4.106,-4.106
1790510013.441,8.026,1.231,0.026,2.550,3.963,1.198,-0.034,2.995,4.063,-4.063
1790510013.541,8.279,1.250,0.125,2.526,4.263,1.191,-0.014,2.996,4.016,-4.022
1790510013.641,8.518,1.308,0.362,2.430,4.564,1.188,-0.007,2.997,3.956,-3.977
1790510013.741,8.724,1.435,0.706,2.430,4.862,1.187,-0.000,2.998,3.870,-3.930
1790510013.841,8.876,1.623,1.049,2.430,5.163,1.187,0.003,2.999,3.738,-3.874
1790510013.941,8.955,1.852,1.393,2.430,5.462,1.189,0.009,2.999,3.555,-3.813
1790510014.041,8.952,2.093,1.735,2.430,5.763,1.195,0.025,2.999,3.313,-3.741
1790510014.141,8.869,2.320,2.078,2.430,6.061,1.203,0.030,2.999,3.022,-3.663
1790510014.241,8.713,2.506,2.422,2.430,6.362,1.209,0.008,3.000,2.685,-3.588
1790510014.341,8.506,2.628,2.757,2.386,6.662,1.204,-0.044,3.000,2.330,-3.496
1790510014.441,8.289,2.680,3.023,2.133,6.960,1.176,-0.131,3.000,2.007,-3.404
1790510014.541,8.078,2.690,3.131,2.133,7.255,1.121,-0.220,3.000,1.772,-3.319
1790510014.641,7.859,2.700,3.047,2.237,7.546,1.048,-0.259,3.000,1.681,-3.244
1790510014.741,7.636,2.747,2.827,2.316,7.837,0.986,-0.157,2.967,1.773,-3.187
1790510014.841,7.428,2.854,2.541,2.352,8.117,0.975,0.053,2.687,2.001,-3.115
1790510014.941,7.258,3.015,2.253,2.331,8.365,1.015,0.240,2.524,2.286,-3.105
1790510015.041,7.146,3.206,1.979,2.164,8.590,1.104,0.504,2.241,2.551,-3.081
1790510015.141,7.090,3.415,1.698,2.180,8.754,1.233,0.810,2.029,2.744,-3.085
1790510015.241,7.103,3.630,1.351,2.145,8.860,1.400,1.155,1.975,2.840,-3.065
1790510015.341,7.192,3.824,0.963,2.145,8.905,1.585,1.482,1.869,2.819,-3.078
1790510015.441,7.347,3.968,0.592,2.070,8.890,1.768,1.790,1.847,2.688,-3.075
1790510015.541,7.522,4.048,0.303,1.845,8.820,1.940,2.101,1.870,2.476,-3.034
1790510015.641,7.695,4.081,0.100,1.708,8.696,2.092,2.371,2.035,2.226,-2.982
1790510015.741,7.868,4.083,-0.058,1.789,8.522,2.226,2.569,2.279,1.969,-2.825
1790510015.841,8.056,4.059,-0.170,1.981,8.311,2.338,2.722,2.460,1.740,-2.651
1790510015.941,8.259,4.021,-0.185,2.124,8.075,2.430,2.795,2.585,1.602,-2.576
1790510016.041,8.474,3.981,-0.167,2.231,7.828,2.527,2.737,2.657,1.592,-2.638
1790510016.141,8.699,3.952,-0.098,2.311,7.604,2.644,2.588,2.481,1.706,-2.561
1790510016.241,8.934,3.939,-0.005,2.370,7.418,2.786,2.406,2.178,1.905,-2.543
1790510016.341,9.170,3.963,0.195,2.363,7.288,2.927,2.240,1.855,2.149,-2.562
1790510016.441,9.387,4.033,0.417,2.221,7.189,3.082,2.052,1.861,2.395,-2.602
1790510016.541,9.571,4.149,0.695,2.162,7.118,3.267,1.837,2.080,2.607,-2.603
1790510016.641,9.706,4.311,1.037,2.070,7.093,3.476,1.563,2.070,2.743,-2.522
1790510016.741,9.771,4.504,1.402,2.029,7.127,3.666,1.250,1.851,2.774,-2.493
1790510016.841,9.771,4.703,1.709,1.985,7.196,3.804,0.986,1.396,2.728,-2.549
1790510016.941,9.707,4.892,2.062,2.003,7.268,3.892,0.804,1.075,2.636,-2.576
1790510017.041,9.583,5.043,2.413,1.935,7.349,3.963,0.654,1.096,2.482,-2.610
1790510017.141,9.428,5.150,2.625,1.810,7.451,4.029,0.510,1.293,2.273,-2.648
1790510017.241,9.280,5.228,2.664,1.580,7.584,4.089,0.349,1.554,2.043,-2.651
1790510017.341,9.140,5.301,2.662,1.611,7.747,4.131,0.192,1.795,1.819,-2.661
1790510017.441,8.988,5.379,2.675,1.740,7.941,4.152,0.036,2.034,1.613,-2.640
1790510017.541,8.838,5.450,2.726,1.589,8.158,4.141,-0.114,2.269,1.475,-2.605
1790510017.641,8.699,5.507,2.772,1.440,8.393,4.101,-0.204,2.454,1.439,-2.532
1790510017.741,8.563,5.554,2.849,1.433,8.640,4.050,-0.192,2.590,1.505,-2.436
1790510017.841,8.429,5.587,2.934,1.357,8.904,4.011,-0.098,2.694,1.646,-2.332
1790510017.941,8.295,5.609,3.017,1.361,9.170,4.017,0.138,2.609,1.817,-2.282
1790510018.041,8.158,5.620,3.089,1.402,9.393,4.086,0.430,2.184,1.969,-2.204
1790510018.141,8.006,5.625,3.127,1.617,9.542,4.184,0.707,1.637,2.105,-2.235
1790510018.241,7.832,5.627,3.127,1.846,9.643,4.298,0.960,1.471,2.246,-2.338
1790510018.341,7.638,5.630,3.127,2.023,9.712,4.432,1.207,1.556,2.396,-2.476
1790510018.441,7.428,5.633,3.127,2.156,9.748,4.599,1.485,1.775,2.540,-2.550
1790510018.541,7.207,5.636,3.127,2.255,9.736,4.775,1.762,1.754,2.672,-2.641
1790510018.641,6.977,5.640,3.127,2.329,9.678,4.941,2.020,1.781,2.791,-2.774
1790510018.741,6.740,5.643,3.127,2.385,9.578,5.091,2.274,1.812,2.891,-2.864
1790510018.841,6.500,5.647,3.127,2.426,9.444,5.213,2.503,1.816,2.977,-2.963
1790510018.941,6.256,5.650,3.127,2.457,9.289,5.306,2.682,1.822,3.052,-3.084
1790510019.042,6.008,5.654,3.127,2.481,9.119,5.375,2.830,1.817,3.123,-3.160
1790510019.141,5.760,5.658,3.127,2.441,8.944,5.414,2.992,1.812,3.193,-3.243
1790510019.241,5.536,5.661,3.127,2.034,8.759,5.430,3.085,1.905,3.232,-3.248
1790510019.341,5.351,5.664,3.127,1.728,8.554,5.441,3.087,2.141,3.211,-3.222
1790510019.441,5.184,5.666,3.114,1.640,8.327,5.455,3.074,2.338,3.150,-3.162
1790510019.541,5.024,5.675,3.064,1.586,8.082,5.474,3.060,2.505,3.065,-3.069
1790510019.641,4.864,5.692,3.023,1.631,7.824,5.498,3.043,2.630,2.967,-2.967
1790510019.741,4.701,5.711,3.023,1.585,7.556,5.527,3.029,2.723,2.861,-2.863
1790510019.841,4.561,5.728,3.030,1.284,7.280,5.558,3.028,2.798,2.724,-2.726
1790510019.941,4.439,5.740,3.051,1.207,6.998,5.589,3.038,2.845,2.564,-2.565
1790510020.041,4.321,5.749,3.071,1.139,6.713,5.614,3.071,2.887,2.395,-2.396
1790510020.141,4.213,5.756,3.089,1.044,6.423,5.627,3.118,2.913,2.214,-2.214
1790510020.241,4.114,5.760,3.106,0.971,6.129,5.625,-3.125,2.935,2.020,-2.022
1790510020.341,4.015,5.763,3.122,0.999,5.835,5.613,-3.059,2.953,1.826,-1.828
1790510020.441,3.915,5.764,3.139,1.006,5.543,5.567,-2.925,2.954,1.640,-1.637
1790510020.541,3.807,5.763,-3.126,1.174,5.343,5.507,-2.826,-0.001,1.558,-1.546
1790510020.641,3.677,5.760,-3.105,1.387,5.343,5.506,-2.830,0.000,1.686,-1.676
1790510020.741,3.526,5.752,-3.085,1.615,5.344,5.506,-2.831,0.000,1.834,-1.827
1790510020.841,3.355,5.742,-3.085,1.788,5.344,5.506,-2.831,-0.000,2.003,-1.999
1790510020.941,3.167,5.732,-3.085,1.940,5.344,5.506,-2.831,-0.000,2.188,-2.187
1790510021.041,2.971,5.721,-3.085,1.977,5.344,5.506,-2.831,0.000,2.382,-2.383
1790510021.141,2.767,5.709,-3.085,2.111,5.344,5.506,-2.831,0.001,2.585,-2.588
1790510021.241,2.550,5.697,-3.085,2.222,5.344,5.506,-2.831,0.001,2.800,-2.805
1790510021.341,2.323,5.679,-3.033,2.304,5.344,5.505,-2.831,0.001,3.025,-3.033
1790510021.441,2.092,5.644,-2.961,2.366,5.344,5.505,-2.831,0.001,3.255,-3.267
1790510021.541,1.859,5.592,-2.889,2.412,5.344,5.504,-2.831,0.001,3.486,-3.509
1790510021.641,1.626,5.522,-2.815,2.447,5.344,5.504,-2.832,0.001,3.718,-3.755
1790510021.741,1.396,5.433,-2.739,2.473,5.344,5.503,-2.832,0.001,3.949,-4.002
1790510021.841,1.171,5.325,-2.651,2.492,5.344,5.503,-2.832,0.002,4.176,-4.261
1790510021.941,0.964,5.192,-2.500,2.467,5.344,5.503,-2.832,0.001,4.391,-4.493
1790510022.041,0.788,5.029,-2.297,2.303,5.344,5.502,-2.832,0.002,4.581,-4.681
1790510022.141,0.664,4.855,-2.098,1.982,5.344,5.502,-2.832,0.002,4.724,-4.852
1790510022.241,0.590,4.695,-1.933,1.609,5.344,5.501,-2.832,0.000,4.822,-5.012
1790510022.341,0.547,4.551,-1.806,1.438,5.344,5.501,-2.832,0.000,4.890,-5.144
1790510022.441,0.521,4.415,-1.732,1.355,5.344,5.501,-2.832,0.000,4.944,-5.268
1790510022.541,0.502,4.277,-1.690,1.448,5.344,5.501,-2.832,0.001,4.995,-5.404
1790510022.641,0.487,4.122,-1.643,1.655,5.344,5.501,-2.832,0.000,5.049,-5.556
1790510022.741,0.480,3.945,-1.589,1.878,5.344,5.501,-2.832,0.000,5.108,-5.729
1790510022.841,0.482,3.746,-1.547,2.047,5.351,5.503,-2.823,-0.142,5.176,-5.934
1790510022.941,0.487,3.535,-1.547,2.173,5.377,5.513,-2.780,-0.341,5.275,-6.171
1790510023.041,0.492,3.312,-1.547,2.269,5.417,5.530,-2.703,-0.472,5.401,-6.430
1790510023.141,0.498,3.081,-1.547,2.339,5.462,5.554,-2.612,-0.531,5.546,-6.702
1790510023.241,0.504,2.845,-1.527,2.392,5.508,5.584,-2.516,-0.556,5.704,-6.981
1790510023.341,0.525,2.604,-1.454,2.432,5.551,5.620,-2.415,-0.566,5.862,-7.249
1790510023.441,0.569,2.364,-1.323,2.462,5.592,5.660,-2.314,-0.567,6.008,-7.528
1790510023.541,0.649,2.130,-1.172,2.484,5.625,5.698,-2.257,-0.446,6.122,-7.765
1790510023.641,0.765,1.909,-1.019,2.501,5.642,5.719,-2.234,-0.208,6.189,-7.999
1790510023.741,0.914,1.708,-0.867,2.513,5.644,5.722,-2.228,0.033,6.205,-8.207
1790510023.841,1.093,1.530,-0.712,2.516,5.632,5.706,-2.244,0.295,6.168,-8.418
1790510023.941,1.293,1.384,-0.548,2.451,5.603,5.672,-2.283,0.536,6.080,-8.622
1790510024.041,1.510,1.286,-0.328,2.334,5.557,5.623,-2.343,0.753,5.932,-8.799
1790510024.141,1.726,1.234,-0.167,2.016,5.490,5.560,-2.431,1.016,5.734,-8.949
1790510024.241,1.897,1.217,-0.048,1.509,5.396,5.491,-2.575,1.232,5.524,-9.029
1790510024.341,2.027,1.217,0.041,1.129,5.272,5.426,-2.710,1.495,5.315,-9.036
1790510024.441,2.123,1.224,0.107,0.844,5.169,5.376,-2.861,0.127,5.149,-9.033
1790510024.541,2.194,1.234,0.157,0.632,5.166,5.353,-2.806,0.095,5.079,-9.102
1790510024.641,2.248,1.243,0.194,0.473,5.158,5.349,-2.787,0.073,5.033,-9.148
1790510024.743,2.287,1.252,0.222,0.354,5.153,5.347,-2.782,0.055,4.998,-9.182
1790510024.842,2.317,1.259,0.243,0.265,5.148,5.345,-2.783,0.041,4.972,-9.207
1790510024.941,2.339,1.265,0.258,0.198,5.145,5.344,-2.785,0.036,4.952,-9.226
1790510025.042,2.355,1.269,0.270,0.148,5.133,5.340,-2.793,0.210,4.928,-9.230
1790510025.141,2.367,1.272,0.278,0.111,5.100,5.328,-2.819,0.427,4.890,-9.210
1790510025.241,2.376,1.275,0.285,0.083,5.043,5.312,-2.897,0.668,4.838,-9.162
1790510025.341,2.383,1.277,0.290,0.062,4.959,5.300,-3.076,0.930,4.777,-9.085
1790510025.441,2.388,1.279,0.294,0.047,4.860,5.299,3.126,1.011,4.719,-8.989
1790510025.541,2.392,1.280,0.296,0.035,4.763,5.299,3.121,0.938,4.666,-8.888
1790510025.641,2.395,1.281,0.298,0.026,4.668,5.297,3.111,0.967,4.615,-8.790
1790510025.741,2.397,1.281,0.300,0.019,4.560,5.295,3.106,1.110,4.559,-8.684
1790510025.841,2.399,1.282,0.301,0.015,4.439,5.294,3.104,1.254,4.501,-8.564
1790510025.941,2.400,1.282,0.302,0.011,4.313,5.295,3.107,1.170,4.445,-8.440
1790510026.041,2.401,1.282,0.302,0.008,4.211,5.295,3.107,0.945,4.402,-8.338
1790510026.141,2.401,1.283,0.303,0.006,4.125,5.295,3.107,0.818,4.367,-8.252
1790510026.241,2.402,1.283,0.303,0.005,4.048,5.295,3.107,0.748,4.336,-8.173
1790510026.341,2.402,1.283,0.304,0.003,3.975,5.295,3.106,0.708,4.309,-8.098
1790510026.441,2.403,1.283,0.304,0.003,3.905,5.294,3.105,0.699,4.283,-8.022
1790510026.541,2.403,1.283,0.304,0.002,3.835,5.294,3.104,0.694,4.259,-7.952
1790510026.641,2.403,1.283,0.304,0.001,3.765,5.294,3.103,0.692,4.236,-7.882
1790510026.741,2.403,1.283,0.304,0.001,3.695,5.294,3.103,0.693,4.214,-7.812
1790510026.841,2.403,1.283,0.304,0.001,3.625,5.293,3.102,0.696,4.192,-7.742
1790510026.941,2.403,1.283,0.304,0.001,3.555,5.294,3.102,0.698,4.172,-7.672
1790510027.041,2.403,1.283,0.304,0.000,3.484,5.293,3.102,0.699,4.153,-7.601
1790510027.141,2.403,1.283,0.304,0.000,3.414,5.294,3.101,0.699,4.136,-7.529
1790510027.241,2.403,1.283,0.304,0.000,3.335,5.297,3.067,0.852,4.120,-7.446
1790510027.341,2.403,1.283,0.304,0.000,3.255,5.287,2.977,0.765,4.093,-7.356
1790510027.441,2.403,1.283,0.304,0.000,3.169,5.286,2.884,0.928,4.075,-7.268
1790510027.541,2.403,1.283,0.304,0.000,3.067,5.318,2.812,1.166,4.088,-7.168
1790510027.641,2.403,1.283,0.304,0.000,2.949,5.354,2.746,1.315,4.107,-7.052
1790510027.741,2.403,1.283,0.304,0.000,2.814,5.410,2.765,1.532,4.147,-6.922
1790510027.841,2.403,1.283,0.304,0.000,2.652,5.462,2.876,1.772,4.186,-6.760
1790510027.941,2.403,1.283,0.304,0.000,2.474,5.500,2.962,1.750,4.218,-6.583
1790510028.041,2.403,1.283,0.304,0.000,2.326,5.521,3.043,1.398,4.238,-6.437
1790510028.141,2.403,1.283,0.304,0.000,2.190,5.529,3.109,1.362,4.251,-6.303
1790510028.241,2.403,1.283,0.304,0.000,2.047,5.531,-3.131,1.477,4.262,-6.160
1790510028.342,2.403,1.283,0.304,0.000,1.885,5.525,-3.083,1.689,4.273,-5.985
1790510028.441,2.403,1.283,0.304,0.000,1.706,5.507,-3.014,1.913,4.281,-5.798
1790510028.541,2.403,1.283,0.304,0.000,1.504,5.472,-2.930,2.147,4.284,-5.596
1790510028.641,2.403,1.283,0.304,0.000,1.286,5.409,-2.795,2.326,4.274,-5.369
1790510028.741,2.403,1.283,0.304,0.000,1.078,5.308,-2.607,2.290,4.238,-5.151
1790510028.841,2.403,1.283,0.304,0.000,0.895,5.167,-2.389,2.337,4.167,-4.934
1790510028.942,2.403,1.283,0.304,0.000,0.741,4.980,-2.149,2.466,4.053,-4.747
1790510029.041,2.403,1.283,0.304,0.000,0.632,4.752,-1.919,2.600,3.895,-4.530
1790510029.141,2.403,1.283,0.304,0.000,0.569,4.492,-1.709,2.709,3.696,-4.291
1790510029.241,2.403,1.283,0.304,0.000,0.552,4.218,-1.597,2.782,3.470,-4.023
1790510029.341,2.403,1.283,0.304,0.000,0.547,3.934,-1.576,2.832,3.236,-3.744
1790510029.441,2.403,1.283,0.304,0.000,0.545,3.649,-1.575,2.878,3.008,-3.459
1790510029.541,2.403,1.283,0.304,0.000,0.545,3.360,-1.570,2.909,2.787,-3.172
1790510029.641,2.403,1.283,0.304,0.000,0.545,3.068,-1.565,2.930,2.576,-2.884
1790510029.741,2.403,1.283,0.304,0.000,0.556,2.774,-1.508,2.949,2.374,-2.594
1790510029.841,2.403,1.283,0.304,0.000,0.589,2.478,-1.418,2.961,2.173,-2.310
1790510029.941,2.403,1.283,0.304,0.000,0.658,2.190,-1.268,2.971,1.967,-2.049
1790510030.041,2.403,1.283,0.304,0.000,0.773,1.917,-1.095,2.975,1.749,-1.780
1790510030.141,2.403,1.283,0.304,0.000,0.937,1.673,-0.893,2.945,1.517,-1.528
1790510030.241,2.403,1.283,0.304,0.000,1.141,1.464,-0.729,2.891,1.275,-1.269
1790510030.341,2.403,1.283,0.304,0.000,1.364,1.279,-0.667,2.908,1.039,-1.015
1790510030.441,2.403,1.283,0.304,0.000,1.597,1.101,-0.624,2.933,0.826,-0.747
1790510030.541,2.403,1.283,0.304,0.000,1.843,0.939,-0.548,2.949,0.658,-0.523
1790510030.641,2.403,1.283,0.304,0.000,2.106,0.811,-0.380,2.963,0.558,-0.292
1790510030.741,2.403,1.283,0.304,0.000,2.395,0.733,-0.157,2.972,0.551,-0.009
1790510030.841,2.403,1.283,0.304,0.000,2.690,0.732,0.122,2.974,0.622,0.287
1790510030.941,2.403,1.283,0.304,0.000,2.979,0.807,0.347,2.979,0.747,0.575
1790510031.041,2.403,1.283,0.304,0.000,3.250,0.926,0.466,2.959,0.919,0.847
1790510031.141,2.403,1.283,0.304,0.000,3.505,1.061,0.502,2.842,1.124,1.101
1790510031.241,2.403,1.283,0.304,0.000,3.750,1.185,0.432,2.683,1.350,1.347
1790510031.341,2.403,1.283,0.304,0.000,3.989,1.269,0.271,2.463,1.585,1.585
1790510031.441,2.403,1.283,0.304,0.000,4.219,1.317,0.164,2.285,1.816,1.816
1790510031.541,2.403,1.283,0.304,0.000,4.432,1.349,0.136,2.098,2.029,2.028
1790510031.641,2.403,1.283,0.304,0.000,4.627,1.376,0.127,1.915,2.226,2.224
1790510031.741,2.403,1.283,0.304,0.000,4.803,1.397,0.111,1.719,2.403,2.400
1790510031.841,2.403,1.283,0.304,0.000,4.965,1.414,0.102,1.559,2.565,2.562
1790510031.941,2.403,1.283,0.304,0.000,5.108,1.428,0.098,1.384,2.709,2.705
1790510032.041,2.403,1.283,0.304,0.000,5.234,1.440,0.091,1.215,2.835,2.830
1790510032.141,2.403,1.283,0.304,0.000,5.342,1.450,0.092,1.017,2.943,2.939
1790510032.241,2.403,1.283,0.304,0.000,5.434,1.458,0.091,0.867,3.036,3.031
1790510032.341,2.403,1.283,0.304,0.000,5.509,1.465,0.087,0.713,3.111,3.106
1790510032.441,2.403,1.283,0.304,0.000,5.571,1.470,0.087,0.525,3.173,3.167
1790510032.541,2.403,1.283,0.304,0.000,5.609,1.474,0.086,0.307,3.211,3.206
1790510032.641,2.403,1.283,0.304,0.000,5.630,1.475,0.083,0.154,3.232,3.226
1790510032.741,2.403,1.283,0.304,0.000,5.634,1.476,0.083,0.004,3.236,3.231
1790510032.841,2.403,1.283,0.304,0.000,5.634,1.476,0.083,0.003,3.237,3.231
1790510032.941,2.403,1.283,0.304,0.000,5.635,1.476,0.083,0.002,3.237,3.231
1790510033.041,2.403,1.283,0.304,0.000,5.635,1.476,0.083,0.002,3.237,3.231
1790510033.141,2.403,1.283,0.304,0.000,5.635,1.476,0.083,0.001,3.237,3.232
1790510033.241,2.403,1.283,0.304,0.000,5.635,1.476,0.083,0.001,3.237,3.232
1790510033.341,2.403,1.283,0.304,0.000,5.635,1.476,0.083,0.001,3.237,3.232
1790510033.441,2.403,1.283,0.304,0.000,5.635,1.476,0.083,0.001,3.238,3.232
1790510033.542,2.403,1.283,0.304,0.000,5.635,1.476,0.083,0.000,3.238,3.232
1790510033.642,2.403,1.283,0.304,0.000,5.635,1.476,0.083,0.000,3.238,3.232
1790510033.741,2.403,1.283,0.304,0.000,5.635,1.476,0.083,0.000,3.238,3.232
1790510033.841,2.403,1.283,0.304,0.000,5.635,1.476,0.083,0.000,3.238,3.232
1790510033.941,2.403,1.283,0.304,0.000,5.635,1.476,0.083,0.000,3.238,3.232
1790510034.041,2.403,1.283,0.304,0.000,5.635,1.476,0.083,0.000,3.238,3.232
1790510034.141,2.403,1.283,0.304,0.000,5.635,1.476,0.083,0.000,3.238,3.232
1790510034.241,2.403,1.283,0.304,0.000,5.635,1.476,0.083,0.000,3.238,3.232
1790510034.341,2.403,1.283,0.304,0.000,5.635,1.476,0.083,0.000,3.238,3.232
1790510034.441,2.403,1.283,0.304,0.000,5.635,1.476,0.083,0.000,3.238,3.232
1790510034.541,2.403,1.283,0.304,0.000,5.635,1.476,0.083,0.000,3.238,3.232
1790510034.641,2.403,1.283,0.304,0.000,5.635,1.476,0.083,0.000,3.238,3.232
1790510034.741,2.403,1.283,0.304,0.000,5.635,1.476,0.083,0.000,3.238,3.232
1790510034.841,2.403,1.283,0.304,0.000,5.635,1.476,0.083,0.000,3.238,3.232
1790510034.941,2.403,1.283,0.304,0.000,5.635,1.476,0.083,0.000,3.238,3.232
1790510035.041,2.403,1.283,0.304,0.000,5.635,1.476,0.083,0.000,3.238,3.232
1790510035.142,2.403,1.283,0.304,0.000,5.635,1.476,0.083,0.000,3.238,3.232
1790510035.241,2.403,1.283,0.304,0.000,5.635,1.476,0.083,0.000,3.238,3.232
1790510035.341,2.403,1.283,0.304,0.000,5.635,1.476,0.083,0.000,3.238,3.232
1790510035.441,2.403,1.283,0.304,0.000,5.635,1.476,0.083,0.000,3.238,3.232
1790510035.541,2.403,1.283,0.304,0.000,5.635,1.476,0.083,0.000,3.238,3.232
1790510035.641,2.403,1.283,0.304,0.000,5.635,1.476,0.083,0.000,3.238,3.232
1790510035.741,2.403,1.283,0.304,0.000,5.635,1.476,0.083,0.000,3.238,3.232
1790510035.841,2.403,1.283,0.304,0.000,5.635,1.476,0.083,0.000,3.238,3.232
1790510035.941,2.403,1.283,0.304,0.000,5.635,1.476,0.083,0.000,3.238,3.232
1790510036.041,2.403,1.283,0.304,0.000,5.635,1.476,0.083,0.000,3.238,3.232
1790510036.141,2.403,1.283,0.304,0.000,5.635,1.476,0.083,0.000,3.238,3.232
1790510036.241,2.403,1.283,0.304,0.000,5.635,1.476,0.083,0.000,3.238,3.232
1790510036.341,2.403,1.283,0.304,0.000,5.635,1.476,0.083,0.000,3.238,3.232
1790510036.441,2.403,1.283,0.304,0.000,5.635,1.476,0.083,0.000,3.238,3.232
1790510036.541,2.403,1.283,0.304,0.000,5.635,1.476,0.083,0.000,3.238,3.232
1790510036.641,2.403,1.283,0.304,0.000,5.635,1.476,0.083,0.000,3.238,3.232
1790510036.741,2.403,1.283,0.304,0.000,5.635,1.476,0.083,0.000,3.238,3.232
1790510036.842,2.403,1.283,0.304,0.000,5.635,1.476,0.083,0.000,3.238,3.232
1790510036.942,2.403,1.283,0.304,0.000,5.635,1.476,0.083,0.000,3.238,3.232
1790510037.041,2.403,1.283,0.304,0.000,5.635,1.476,0.083,0.000,3.238,3.232
1790510037.141,2.403,1.283,0.304,0.000,5.635,1.476,0.083,0.000,3.238,3.232
1790510037.241,2.403,1.283,0.304,0.000,5.635,1.476,0.083,0.000,3.238,3.232
1790510037.341,2.403,1.283,0.304,0.000,5.635,1.476,0.083,0.000,3.238,3.232
1790510037.441,2.403,1.283,0.304,0.000,5.635,1.476,0.083,0.000,3.238,3.232
1790510037.541,2.403,1.283,0.304,0.000,5.635,1.476,0.083,0.000,3.238,3.232
1790510037.641,2.403,1.283,0.304,0.000,5.635,1.476,0.083,0.000,3.238,3.232
1790510037.741,2.403,1.283,0.304,0.000,5.635,1.476,0.083,0.000,3.238,3.232
1790510037.841,2.403,1.283,0.304,0.000,5.635,1.476,0.083,0.000,3.238,3.232
1790510037.941,2.403,1.283,0.304,0.000,5.635,1.476,0.083,0.000,3.238,3.232
1790510038.041,2.403,1.283,0.304,0.000,5.635,1.476,0.083,0.000,3.238,3.232
1790510038.141,2.403,1.283,0.304,0.000,5.635,1.476,0.083,0.000,3.238,3.232
1790510038.241,2.403,1.283,0.304,0.000,5.635,1.476,0.083,0.000,3.238,3.232
1790510038.341,2.403,1.283,0.304,0.000,5.635,1.476,0.083,0.000,3.238,3.232
1790510038.441,2.403,1.283,0.304,0.000,5.635,1.476,0.083,0.000,3.238,3.232
1790510038.541,2.403,1.283,0.304,0.000,5.635,1.476,0.083,0.000,3.238,3.232
1790510038.641,2.403,1.283,0.304,0.000,5.635,1.476,0.083,0.000,3.238,3.232
1790510038.741,2.403,1.283,0.304,0.000,5.635,1.476,0.083,0.000,3.238,3.232
1790510038.841,2.403,1.283,0.304,0.000,5.635,1.476,0.083,0.000,3.238,3.232
1790510038.941,2.403,1.283,0.304,0.000,5.635,1.476,0.083,0.000,3.238,3.232
1790510039.041,2.403,1.283,0.304,0.000,5.635,1.476,0.083,0.000,3.238,3.232
1790510039.141,2.403,1.283,0.304,0.000,5.635,1.476,0.083,0.000,3.238,3.232
1790510039.241,2.403,1.283,0.304,0.000,5.635,1.476,0.083,0.000,3.238,3.232
1790510039.341,2.403,1.283,0.304,0.000,5.635,1.476,0.083,0.000,3.238,3.232
1790510039.441,2.403,1.283,0.304,0.000,5.635,1.476,0.083,0.000,3.238,3.232
1790510039.541,2.403,1.283,0.304,0.000,5.635,1.476,0.083,0.000,3.238,3.232
1790510039.641,2.403,1.283,0.304,0.000,5.635,1.476,0.083,0.000,3.238,3.232
1790510039.741,2.403,1.283,0.304,0.000,5.635,1.476,0.083,0.000,3.238,3.232
1790510039.841,2.403,1.283,0.304,0.000,5.635,1.476,0.083,0.000,3.238,3.232
1790510039.941,2.403,1.283,0.304,0.000,5.635,1.476,0.083,0.000,3.238,3.232
1790510040.041,2.403,1.283,0.304,0.000,5.635,1.476,0.083,0.000,3.238,3.232
1790510040.141,2.403,1.283,0.304,0.000,5.635,1.476,0.083,0.000,3.238,3.232
1790510040.242,2.403,1.283,0.304,0.000,5.635,1.476,0.083,0.000,3.238,3.232
1790510040.341,2.403,1.283,0.304,0.000,5.635,1.476,0.083,0.000,3.238,3.232
1790510040.441,2.403,1.283,0.304,0.000,5.635,1.476,0.083,0.000,3.238,3.232
1790510040.541,2.403,1.283,0.304,0.000,5.635,1.476,0.083,0.000,3.238,3.232
1790510040.641,2.403,1.283,0.304,0.000,5.635,1.476,0.083,0.000,3.238,3.232
1790510040.741,2.403,1.283,0.304,0.000,5.635,1.476,0.083,0.000,3.238,3.232
1790510040.841,2.403,1.283,0.304,0.000,5.635,1.476,0.083,0.000,3.238,3.232
1790510040.941,2.403,1.283,0.304,0.000,5.635,1.476,0.083,0.000,3.238,3.232
1790510041.041,2.403,1.283,0.304,0.000,5.635,1.476,0.083,0.000,3.238,3.232
1790510041.142,2.403,1.283,0.304,0.000,5.635,1.476,0.083,0.000,3.238,3.232
1790510041.241,2.403,1.283,0.304,0.000,5.635,1.476,0.083,0.000,3.238,3.232
1790510041.341,2.403,1.283,0.304,0.000,5.635,1.476,0.083,0.000,3.238,3.232
1790510041.441,2.403,1.283,0.304,0.000,5.635,1.476,0.083,0.000,3.238,3.232
1790510041.541,2.403,1.283,0.304,0.000,5.635,1.476,0.083,0.000,3.238,3.232
1790510041.641,2.403,1.283,0.304,0.000,5.635,1.476,0.083,0.000,3.238,3.232
1790510041.741,2.403,1.283,0.304,0.000,5.635,1.476,0.083,0.000,3.238,3.232
1790510041.842,2.403,1.283,0.304,0.000,5.635,1.476,0.083,0.000,3.238,3.232
1790510041.941,2.403,1.283,0.304,0.000,5.635,1.476,0.083,0.000,3.238,3.232
1790510042.041,2.403,1.283,0.304,0.000,5.635,1.476,0.083,0.000,3.238,3.232
1790510042.141,2.403,1.283,0.304,0.000,5.635,1.476,0.083,0.000,3.238,3.232
1790510042.241,2.403,1.283,0.304,0.000,5.635,1.476,0.083,0.000,3.238,3.232
1790510042.341,2.403,1.283,0.304,0.000,5.635,1.476,0.083,0.000,3.238,3.232
1790510042.442,2.403,1.283,0.304,0.000,5.635,1.476,0.083,0.000,3.238,3.232
1790510042.542,2.403,1.283,0.304,0.000,5.635,1.476,0.083,0.000,3.238,3.232
1790510042.641,2.403,1.283,0.304,0.000,5.635,1.476,0.083,0.000,3.238,3.232
1790510042.741,2.403,1.283,0.304,0.000,5.635,1.476,0.083,0.000,3.238,3.232
1790510042.841,2.403,1.283,0.304,0.000,5.635,1.476,0.083,0.000,3.238,3.232
1790510042.941,2.403,1.283,0.304,0.000,5.635,1.476,0.083,0.000,3.238,3.232
1790510043.041,2.403,1.283,0.304,0.000,5.635,1.476,0.083,0.000,3.238,3.232
1790510043.141,2.403,1.283,0.304,0.000,5.635,1.476,0.083,0.000,3.238,3.232
1790510043.242,2.403,1.283,0.304,0.000,5.635,1.476,0.083,0.000,3.238,3.232
1790510043.341,2.403,1.283,0.304,0.000,5.635,1.476,0.083,0.000,3.238,3.232
1790510043.441,2.403,1.283,0.304,0.000,5.635,1.476,0.083,0.000,3.238,3.232
1790510043.542,2.403,1.283,0.304,0.000,5.635,1.476,0.083,0.000,3.238,3.232
1790510043.641,2.403,1.283,0.304,0.000,5.635,1.476,0.083,0.000,3.238,3.232
1790510043.741,2.403,1.283,0.304,0.000,5.635,1.476,0.083,0.000,3.238,3.232
1790510043.842,2.403,1.283,0.304,0.000,5.635,1.476,0.083,0.000,3.238,3.232
1790510043.941,2.403,1.283,0.304,0.000,5.635,1.476,0.083,0.000,3.238,3.232
1790510044.042,2.403,1.283,0.304,0.000,5.635,1.476,0.083,0.000,3.238,3.232
1790510044.141,2.403,1.283,0.304,0.000,5.635,1.476,0.083,0.000,3.238,3.232
1790510044.241,2.403,1.283,0.304,0.000,5.635,1.476,0.083,0.000,3.238,3.232
1790510044.341,2.403,1.283,0.304,0.000,5.635,1.476,0.083,0.000,3.238,3.232
1790510044.441,2.403,1.283,0.304,0.000,5.635,1.476,0.083,0.000,3.238,3.232
1790510044.541,2.403,1.283,0.304,0.000,5.635,1.476,0.083,0.000,3.238,3.232
1790510044.641,2.403,1.283,0.304,0.000,5.635,1.476,0.083,0.000,3.238,3.232
1790510044.741,2.403,1.283,0.304,0.000,5.635,1.476,0.083,0.000,3.238,3.232
1790510044.841,2.403,1.283,0.304,0.000,5.635,1.476,0.083,0.000,3.238,3.232
1790510044.941,2.403,1.283,0.304,0.000,5.635,1.476,0.083,0.000,3.238,3.232
1790510045.041,2.403,1.283,0.304,0.000,5.635,1.476,0.083,0.000,3.238,3.232
1790510045.141,2.403,1.283,0.304,0.000,5.635,1.476,0.083,0.000,3.238,3.232
1790510045.241,2.403,1.283,0.304,0.000,5.635,1.476,0.083,0.000,3.238,3.232
